yyyymm,value,variable,year,month,anomaly
189501,21,tavg,1895,1,-6.3
189502,29.7,tavg,1895,2,0.06
189503,32.8,tavg,1895,3,-1.66
189504,40.6,tavg,1895,4,0.29
189505,45.4,tavg,1895,5,-2.84
189506,53.7,tavg,1895,6,-0.19
189507,58.1,tavg,1895,7,-3.69
189508,59,tavg,1895,8,-2.75
189509,46.7,tavg,1895,9,-7.88
189510,43.4,tavg,1895,10,0.51
189511,30.5,tavg,1895,11,-1.99
189512,26.2,tavg,1895,12,0.05
189601,24.4,tavg,1896,1,-2.9
189602,31.4,tavg,1896,2,1.76
189603,31,tavg,1896,3,-3.46
189604,36.9,tavg,1896,4,-3.41
189605,44.3,tavg,1896,5,-3.94
189606,53.3,tavg,1896,6,-0.59
189607,62.6,tavg,1896,7,0.81
189608,59.2,tavg,1896,8,-2.55
189609,49.8,tavg,1896,9,-4.78
189610,41.9,tavg,1896,10,-0.99
189611,24.7,tavg,1896,11,-7.79
189612,28.1,tavg,1896,12,1.95
189701,23,tavg,1897,1,-4.3
189702,26.7,tavg,1897,2,-2.94
189703,26.1,tavg,1897,3,-8.36
189704,42.6,tavg,1897,4,2.29
189705,51.2,tavg,1897,5,2.96
189706,52.3,tavg,1897,6,-1.59
189707,56.1,tavg,1897,7,-5.69
189708,62.6,tavg,1897,8,0.85
189709,50.4,tavg,1897,9,-4.18
189710,41.7,tavg,1897,10,-1.19
189711,29.2,tavg,1897,11,-3.29
189712,23.3,tavg,1897,12,-2.85
189801,20.8,tavg,1898,1,-6.5
189802,31.7,tavg,1898,2,2.06
189803,30.8,tavg,1898,3,-3.66
189804,40.2,tavg,1898,4,-0.11
189805,48.1,tavg,1898,5,-0.14
189806,52.8,tavg,1898,6,-1.09
189807,59.6,tavg,1898,7,-2.19
189808,62.9,tavg,1898,8,1.15
189809,53.4,tavg,1898,9,-1.18
189810,40.9,tavg,1898,10,-1.99
189811,29.2,tavg,1898,11,-3.29
189812,21.8,tavg,1898,12,-4.35
189901,24.7,tavg,1899,1,-2.6
189902,23.7,tavg,1899,2,-5.94
189903,31.2,tavg,1899,3,-3.26
189904,38.2,tavg,1899,4,-2.11
189905,42.6,tavg,1899,5,-5.64
189906,50.7,tavg,1899,6,-3.19
189907,60.2,tavg,1899,7,-1.59
189908,54,tavg,1899,8,-7.75
189909,53.5,tavg,1899,9,-1.08
189910,40,tavg,1899,10,-2.89
189911,37.8,tavg,1899,11,5.31
189912,28.6,tavg,1899,12,2.45
190001,29.8,tavg,1900,1,2.5
190002,27.3,tavg,1900,2,-2.34
190003,37.8,tavg,1900,3,3.34
190004,42.5,tavg,1900,4,2.19
190005,48.1,tavg,1900,5,-0.14
190006,56,tavg,1900,6,2.11
190007,59.8,tavg,1900,7,-1.99
190008,55,tavg,1900,8,-6.75
190009,50.4,tavg,1900,9,-4.18
190010,40.3,tavg,1900,10,-2.59
190011,29,tavg,1900,11,-3.49
190012,32.3,tavg,1900,12,6.15
190101,23.9,tavg,1901,1,-3.4
190102,26.3,tavg,1901,2,-3.34
190103,33,tavg,1901,3,-1.46
190104,37.7,tavg,1901,4,-2.61
190105,47.5,tavg,1901,5,-0.74
190106,48.6,tavg,1901,6,-5.29
190107,56.8,tavg,1901,7,-4.99
190108,62.2,tavg,1901,8,0.45
190109,48.1,tavg,1901,9,-6.48
190110,47.4,tavg,1901,10,4.51
190111,33.7,tavg,1901,11,1.21
190112,28,tavg,1901,12,1.85
190201,23.6,tavg,1902,1,-3.7
190202,29.1,tavg,1902,2,-0.54
190203,32,tavg,1902,3,-2.46
190204,38.1,tavg,1902,4,-2.21
190205,47.2,tavg,1902,5,-1.04
190206,51.4,tavg,1902,6,-2.49
190207,56.6,tavg,1902,7,-5.19
190208,58.4,tavg,1902,8,-3.35
190209,50.4,tavg,1902,9,-4.18
190210,44,tavg,1902,10,1.11
190211,30.5,tavg,1902,11,-1.99
190212,23.2,tavg,1902,12,-2.95
190301,25.5,tavg,1903,1,-1.8
190302,22.3,tavg,1903,2,-7.34
190303,29.8,tavg,1903,3,-4.66
190304,37.2,tavg,1903,4,-3.11
190305,46,tavg,1903,5,-2.24
190306,56.2,tavg,1903,6,2.31
190307,56.1,tavg,1903,7,-5.69
190308,57.8,tavg,1903,8,-3.95
190309,49,tavg,1903,9,-5.58
190310,42.6,tavg,1903,10,-0.29
190311,29.4,tavg,1903,11,-3.09
190312,26,tavg,1903,12,-0.15
190401,26.8,tavg,1904,1,-0.5
190402,24.9,tavg,1904,2,-4.74
190403,27.5,tavg,1904,3,-6.96
190404,41.8,tavg,1904,4,1.49
190405,45.4,tavg,1904,5,-2.84
190406,52.5,tavg,1904,6,-1.39
190407,60,tavg,1904,7,-1.79
190408,60.7,tavg,1904,8,-1.05
190409,53.5,tavg,1904,9,-1.08
190410,44.3,tavg,1904,10,1.41
190411,36.5,tavg,1904,11,4.01
190412,28.3,tavg,1904,12,2.15
190501,24.8,tavg,1905,1,-2.5
190502,25.1,tavg,1905,2,-4.54
190503,37.7,tavg,1905,3,3.24
190504,41.9,tavg,1905,4,1.59
190505,45.7,tavg,1905,5,-2.54
190506,52.3,tavg,1905,6,-1.59
190507,60.9,tavg,1905,7,-0.89
190508,58.7,tavg,1905,8,-3.05
190509,52.8,tavg,1905,9,-1.78
190510,36.8,tavg,1905,10,-6.09
190511,31.3,tavg,1905,11,-1.19
190512,25.7,tavg,1905,12,-0.45
190601,26.2,tavg,1906,1,-1.1
190602,30.4,tavg,1906,2,0.76
190603,31.3,tavg,1906,3,-3.16
190604,44.3,tavg,1906,4,3.99
190605,46.8,tavg,1906,5,-1.44
190606,49.7,tavg,1906,6,-4.19
190607,66,tavg,1906,7,4.21
190608,60.1,tavg,1906,8,-1.65
190609,52.9,tavg,1906,9,-1.68
190610,44,tavg,1906,10,1.11
190611,31.6,tavg,1906,11,-0.89
190612,27.1,tavg,1906,12,0.95
190701,13.5,tavg,1907,1,-13.8
190702,27.2,tavg,1907,2,-2.44
190703,30.9,tavg,1907,3,-3.56
190704,38.1,tavg,1907,4,-2.21
190705,49.2,tavg,1907,5,0.96
190706,52.1,tavg,1907,6,-1.79
190707,60.5,tavg,1907,7,-1.29
190708,55.5,tavg,1907,8,-6.25
190709,52.1,tavg,1907,9,-2.48
190710,46.8,tavg,1907,10,3.91
190711,34.2,tavg,1907,11,1.71
190712,27.8,tavg,1907,12,1.65
190801,25.2,tavg,1908,1,-2.1
190802,26.4,tavg,1908,2,-3.24
190803,32.4,tavg,1908,3,-2.06
190804,40.7,tavg,1908,4,0.39
190805,44.2,tavg,1908,5,-4.04
190806,52,tavg,1908,6,-1.89
190807,61.8,tavg,1908,7,0.01
190808,59.3,tavg,1908,8,-2.45
190809,52.9,tavg,1908,9,-1.68
190810,42,tavg,1908,10,-0.89
190811,34.9,tavg,1908,11,2.41
190812,24,tavg,1908,12,-2.15
190901,13.8,tavg,1909,1,-13.5
190902,28.5,tavg,1909,2,-1.14
190903,33.9,tavg,1909,3,-0.56
190904,38.2,tavg,1909,4,-2.11
190905,44.8,tavg,1909,5,-3.44
190906,53.2,tavg,1909,6,-0.69
190907,56.7,tavg,1909,7,-5.09
190908,57.3,tavg,1909,8,-4.45
190909,54.6,tavg,1909,9,0.02
190910,42.5,tavg,1909,10,-0.39
190911,31.4,tavg,1909,11,-1.09
190912,18.6,tavg,1909,12,-7.55
191001,21.1,tavg,1910,1,-6.2
191002,21.5,tavg,1910,2,-8.14
191003,37.6,tavg,1910,3,3.14
191004,42.8,tavg,1910,4,2.49
191005,50,tavg,1910,5,1.76
191006,51.4,tavg,1910,6,-2.49
191007,60.4,tavg,1910,7,-1.39
191008,56,tavg,1910,8,-5.75
191009,51.5,tavg,1910,9,-3.08
191010,43.7,tavg,1910,10,0.81
191011,31.2,tavg,1910,11,-1.29
191012,28.3,tavg,1910,12,2.15
191101,21,tavg,1911,1,-6.3
191102,23.6,tavg,1911,2,-6.04
191103,34.6,tavg,1911,3,0.14
191104,38.7,tavg,1911,4,-1.61
191105,44,tavg,1911,5,-4.24
191106,52.8,tavg,1911,6,-1.09
191107,60.9,tavg,1911,7,-0.89
191108,57.9,tavg,1911,8,-3.85
191109,48.6,tavg,1911,9,-5.98
191110,41.5,tavg,1911,10,-1.39
191111,29.1,tavg,1911,11,-3.39
191112,26.8,tavg,1911,12,0.65
191201,22.2,tavg,1912,1,-5.1
191202,30.2,tavg,1912,2,0.56
191203,30.8,tavg,1912,3,-3.66
191204,39.6,tavg,1912,4,-0.71
191205,48.4,tavg,1912,5,0.16
191206,55.5,tavg,1912,6,1.61
191207,58.9,tavg,1912,7,-2.89
191208,56.4,tavg,1912,8,-5.35
191209,50.1,tavg,1912,9,-4.48
191210,38.9,tavg,1912,10,-3.99
191211,33.1,tavg,1912,11,0.61
191212,27.2,tavg,1912,12,1.05
191301,19.4,tavg,1913,1,-7.9
191302,21.6,tavg,1913,2,-8.04
191303,29.3,tavg,1913,3,-5.16
191304,40,tavg,1913,4,-0.31
191305,46.4,tavg,1913,5,-1.84
191306,53.5,tavg,1913,6,-0.39
191307,59.6,tavg,1913,7,-2.19
191308,60.6,tavg,1913,8,-1.15
191309,51.7,tavg,1913,9,-2.88
191310,40.3,tavg,1913,10,-2.59
191311,33,tavg,1913,11,0.51
191312,26.8,tavg,1913,12,0.65
191401,28.3,tavg,1914,1,1
191402,26.3,tavg,1914,2,-3.34
191403,34.8,tavg,1914,3,0.34
191404,42.3,tavg,1914,4,1.99
191405,49.6,tavg,1914,5,1.36
191406,52,tavg,1914,6,-1.89
191407,61.7,tavg,1914,7,-0.09
191408,61.4,tavg,1914,8,-0.35
191409,49.6,tavg,1914,9,-4.98
191410,44.3,tavg,1914,10,1.41
191411,33.1,tavg,1914,11,0.61
191412,19.1,tavg,1914,12,-7.05
191501,21.5,tavg,1915,1,-5.8
191502,30.6,tavg,1915,2,0.96
191503,37.7,tavg,1915,3,3.24
191504,44.6,tavg,1915,4,4.29
191505,46.7,tavg,1915,5,-1.54
191506,52.9,tavg,1915,6,-0.99
191507,59.4,tavg,1915,7,-2.39
191508,64.5,tavg,1915,8,2.75
191509,52,tavg,1915,9,-2.58
191510,43.7,tavg,1915,10,0.81
191511,28.4,tavg,1915,11,-4.09
191512,24.9,tavg,1915,12,-1.25
191601,10.5,tavg,1916,1,-16.8
191602,24.8,tavg,1916,2,-4.84
191603,31.7,tavg,1916,3,-2.76
191604,39.9,tavg,1916,4,-0.41
191605,43.1,tavg,1916,5,-5.14
191606,51.6,tavg,1916,6,-2.29
191607,55.4,tavg,1916,7,-6.39
191608,60,tavg,1916,8,-1.75
191609,52.4,tavg,1916,9,-2.18
191610,42,tavg,1916,10,-0.89
191611,27.2,tavg,1916,11,-5.29
191612,20.3,tavg,1916,12,-5.85
191701,21.8,tavg,1917,1,-5.5
191702,25.3,tavg,1917,2,-4.34
191703,26.8,tavg,1917,3,-7.66
191704,36,tavg,1917,4,-4.31
191705,45.5,tavg,1917,5,-2.74
191706,50.2,tavg,1917,6,-3.69
191707,61.1,tavg,1917,7,-0.69
191708,61.8,tavg,1917,8,0.05
191709,53.5,tavg,1917,9,-1.08
191710,45.3,tavg,1917,10,2.41
191711,36.1,tavg,1917,11,3.61
191712,30.5,tavg,1917,12,4.35
191801,29.4,tavg,1918,1,2.1
191802,25.5,tavg,1918,2,-4.14
191803,32.7,tavg,1918,3,-1.76
191804,41.4,tavg,1918,4,1.09
191805,45,tavg,1918,5,-3.24
191806,56.7,tavg,1918,6,2.81
191807,59.9,tavg,1918,7,-1.89
191808,57,tavg,1918,8,-4.75
191809,57.3,tavg,1918,9,2.72
191810,44.6,tavg,1918,10,1.71
191811,32.3,tavg,1918,11,-0.19
191812,27.1,tavg,1918,12,0.95
191901,25.4,tavg,1919,1,-1.9
191902,26.1,tavg,1919,2,-3.54
191903,32.4,tavg,1919,3,-2.06
191904,41,tavg,1919,4,0.69
191905,45.7,tavg,1919,5,-2.54
191906,50.1,tavg,1919,6,-3.79
191907,60.7,tavg,1919,7,-1.09
191908,59.7,tavg,1919,8,-2.05
191909,51.7,tavg,1919,9,-2.88
191910,39.7,tavg,1919,10,-3.19
191911,30.3,tavg,1919,11,-2.19
191912,18.4,tavg,1919,12,-7.75
192001,24.5,tavg,1920,1,-2.8
192002,29.3,tavg,1920,2,-0.34
192003,33.7,tavg,1920,3,-0.76
192004,37.3,tavg,1920,4,-3.01
192005,43.9,tavg,1920,5,-4.34
192006,51,tavg,1920,6,-2.89
192007,62,tavg,1920,7,0.21
192008,61,tavg,1920,8,-0.75
192009,51,tavg,1920,9,-3.58
192010,40.7,tavg,1920,10,-2.19
192011,32.5,tavg,1920,11,0.01
192012,27.9,tavg,1920,12,1.75
192101,24.3,tavg,1921,1,-3
192102,28.6,tavg,1921,2,-1.04
192103,33.9,tavg,1921,3,-0.56
192104,37.7,tavg,1921,4,-2.61
192105,47.4,tavg,1921,5,-0.84
192106,53.4,tavg,1921,6,-0.49
192107,58.6,tavg,1921,7,-3.19
192108,59.4,tavg,1921,8,-2.35
192109,47.8,tavg,1921,9,-6.78
192110,44.2,tavg,1921,10,1.31
192111,30.9,tavg,1921,11,-1.59
192112,23.2,tavg,1921,12,-2.95
192201,16.1,tavg,1922,1,-11.2
192202,20.4,tavg,1922,2,-9.24
192203,28.5,tavg,1922,3,-5.96
192204,37.5,tavg,1922,4,-2.81
192205,45.4,tavg,1922,5,-2.84
192206,57.6,tavg,1922,6,3.71
192207,62.2,tavg,1922,7,0.41
192208,60.1,tavg,1922,8,-1.65
192209,54.4,tavg,1922,9,-0.18
192210,44.8,tavg,1922,10,1.91
192211,29.5,tavg,1922,11,-2.99
192212,19.3,tavg,1922,12,-6.85
192301,25.8,tavg,1923,1,-1.5
192302,22.6,tavg,1923,2,-7.04
192303,32.4,tavg,1923,3,-2.06
192304,41,tavg,1923,4,0.69
192305,46.4,tavg,1923,5,-1.84
192306,52.4,tavg,1923,6,-1.49
192307,61.2,tavg,1923,7,-0.59
192308,60.9,tavg,1923,8,-0.85
192309,54.6,tavg,1923,9,0.02
192310,43.2,tavg,1923,10,0.31
192311,34.9,tavg,1923,11,2.41
192312,26.5,tavg,1923,12,0.35
192401,20.8,tavg,1924,1,-6.5
192402,33.4,tavg,1924,2,3.76
192403,34.2,tavg,1924,3,-0.26
192404,40.1,tavg,1924,4,-0.21
192405,52,tavg,1924,5,3.76
192406,54,tavg,1924,6,0.11
192407,60.7,tavg,1924,7,-1.09
192408,59.3,tavg,1924,8,-2.45
192409,52.7,tavg,1924,9,-1.88
192410,42.2,tavg,1924,10,-0.69
192411,29.3,tavg,1924,11,-3.19
192412,19.8,tavg,1924,12,-6.35
192501,26.3,tavg,1925,1,-1
192502,32.9,tavg,1925,2,3.26
192503,35.3,tavg,1925,3,0.84
192504,42.6,tavg,1925,4,2.29
192505,49.8,tavg,1925,5,1.56
192506,54.5,tavg,1925,6,0.61
192507,63.4,tavg,1925,7,1.61
192508,58.6,tavg,1925,8,-3.15
192509,53,tavg,1925,9,-1.58
192510,42.7,tavg,1925,10,-0.19
192511,31.2,tavg,1925,11,-1.29
192512,31.8,tavg,1925,12,5.65
192601,26.6,tavg,1926,1,-0.7
192602,33.7,tavg,1926,2,4.06
192603,39.4,tavg,1926,3,4.94
192604,45.9,tavg,1926,4,5.59
192605,46.4,tavg,1926,5,-1.84
192606,57,tavg,1926,6,3.11
192607,62.9,tavg,1926,7,1.11
192608,59.4,tavg,1926,8,-2.35
192609,47.7,tavg,1926,9,-6.88
192610,43.6,tavg,1926,10,0.71
192611,34.5,tavg,1926,11,2.01
192612,24.8,tavg,1926,12,-1.35
192701,21.9,tavg,1927,1,-5.4
192702,28.2,tavg,1927,2,-1.44
192703,32.3,tavg,1927,3,-2.16
192704,38.2,tavg,1927,4,-2.11
192705,43.8,tavg,1927,5,-4.44
192706,54.4,tavg,1927,6,0.51
192707,60.8,tavg,1927,7,-0.99
192708,60,tavg,1927,8,-1.75
192709,50.6,tavg,1927,9,-3.98
192710,42.5,tavg,1927,10,-0.39
192711,33.2,tavg,1927,11,0.71
192712,20.7,tavg,1927,12,-5.45
192801,24.7,tavg,1928,1,-2.6
192802,29.6,tavg,1928,2,-0.04
192803,35,tavg,1928,3,0.54
192804,38.1,tavg,1928,4,-2.21
192805,50.9,tavg,1928,5,2.66
192806,53.2,tavg,1928,6,-0.69
192807,62.4,tavg,1928,7,0.61
192808,59.1,tavg,1928,8,-2.65
192809,53.6,tavg,1928,9,-0.98
192810,42.6,tavg,1928,10,-0.29
192811,32.8,tavg,1928,11,0.31
192812,23.7,tavg,1928,12,-2.45
192901,14.8,tavg,1929,1,-12.5
192902,18.5,tavg,1929,2,-11.14
192903,35.2,tavg,1929,3,0.74
192904,37.2,tavg,1929,4,-3.11
192905,47,tavg,1929,5,-1.24
192906,52.2,tavg,1929,6,-1.69
192907,59.2,tavg,1929,7,-2.59
192908,61.5,tavg,1929,8,-0.25
192909,51.8,tavg,1929,9,-2.78
192910,44.8,tavg,1929,10,1.91
192911,31,tavg,1929,11,-1.49
192912,28.4,tavg,1929,12,2.25
193001,9.2,tavg,1930,1,-18.1
193002,30.5,tavg,1930,2,0.86
193003,35.7,tavg,1930,3,1.24
193004,43.8,tavg,1930,4,3.49
193005,46,tavg,1930,5,-2.24
193006,51.2,tavg,1930,6,-2.69
193007,60.6,tavg,1930,7,-1.19
193008,61.5,tavg,1930,8,-0.25
193009,53.5,tavg,1930,9,-1.08
193010,40.3,tavg,1930,10,-2.59
193011,30.3,tavg,1930,11,-2.19
193012,25.7,tavg,1930,12,-0.45
193101,28,tavg,1931,1,0.7
193102,28.5,tavg,1931,2,-1.14
193103,34.1,tavg,1931,3,-0.36
193104,41.3,tavg,1931,4,0.99
193105,50.5,tavg,1931,5,2.26
193106,53.4,tavg,1931,6,-0.49
193107,61.7,tavg,1931,7,-0.09
193108,60,tavg,1931,8,-1.75
193109,51.6,tavg,1931,9,-2.98
193110,42.4,tavg,1931,10,-0.49
193111,28,tavg,1931,11,-4.49
193112,22.4,tavg,1931,12,-3.75
193201,21.2,tavg,1932,1,-6.1
193202,24.3,tavg,1932,2,-5.34
193203,32.5,tavg,1932,3,-1.96
193204,41,tavg,1932,4,0.69
193205,46.2,tavg,1932,5,-2.04
193206,55.5,tavg,1932,6,1.61
193207,56.4,tavg,1932,7,-5.39
193208,58.7,tavg,1932,8,-3.05
193209,53.2,tavg,1932,9,-1.38
193210,43.9,tavg,1932,10,1.01
193211,34.4,tavg,1932,11,1.91
193212,23.3,tavg,1932,12,-2.85
193301,25.4,tavg,1933,1,-1.9
193302,21,tavg,1933,2,-8.64
193303,31.6,tavg,1933,3,-2.86
193304,39.8,tavg,1933,4,-0.51
193305,42.8,tavg,1933,5,-5.44
193306,51.8,tavg,1933,6,-2.09
193307,59.8,tavg,1933,7,-1.99
193308,60.5,tavg,1933,8,-1.25
193309,48.6,tavg,1933,9,-5.98
193310,44.4,tavg,1933,10,1.51
193311,35.2,tavg,1933,11,2.71
193312,30.9,tavg,1933,12,4.75
193401,30.8,tavg,1934,1,3.5
193402,33.3,tavg,1934,2,3.66
193403,38.9,tavg,1934,3,4.44
193404,47.9,tavg,1934,4,7.59
193405,49.9,tavg,1934,5,1.66
193406,54.9,tavg,1934,6,1.01
193407,59.5,tavg,1934,7,-2.29
193408,61.4,tavg,1934,8,-0.35
193409,51.3,tavg,1934,9,-3.28
193410,44.3,tavg,1934,10,1.41
193411,35.6,tavg,1934,11,3.11
193412,27.9,tavg,1934,12,1.75
193501,23.8,tavg,1935,1,-3.5
193502,29.7,tavg,1935,2,0.06
193503,30.2,tavg,1935,3,-4.26
193504,37.9,tavg,1935,4,-2.41
193505,46.9,tavg,1935,5,-1.34
193506,52.9,tavg,1935,6,-0.99
193507,59.5,tavg,1935,7,-2.29
193508,57.7,tavg,1935,8,-4.05
193509,55.6,tavg,1935,9,1.02
193510,41.9,tavg,1935,10,-0.99
193511,27.8,tavg,1935,11,-4.69
193512,26.4,tavg,1935,12,0.25
193601,26,tavg,1936,1,-1.3
193602,12.9,tavg,1936,2,-16.74
193603,30.9,tavg,1936,3,-3.56
193604,42.3,tavg,1936,4,1.99
193605,50.7,tavg,1936,5,2.46
193606,54.2,tavg,1936,6,0.31
193607,60.3,tavg,1936,7,-1.49
193608,60.7,tavg,1936,8,-1.05
193609,52.2,tavg,1936,9,-2.38
193610,46.4,tavg,1936,10,3.51
193611,29.2,tavg,1936,11,-3.29
193612,28.5,tavg,1936,12,2.35
193701,9.2,tavg,1937,1,-18.1
193702,22.1,tavg,1937,2,-7.54
193703,33.8,tavg,1937,3,-0.66
193704,37.7,tavg,1937,4,-2.61
193705,47,tavg,1937,5,-1.24
193706,53.4,tavg,1937,6,-0.49
193707,61.5,tavg,1937,7,-0.29
193708,56.4,tavg,1937,8,-5.35
193709,54.3,tavg,1937,9,-0.28
193710,45.7,tavg,1937,10,2.81
193711,33.9,tavg,1937,11,1.41
193712,28.1,tavg,1937,12,1.95
193801,26,tavg,1938,1,-1.3
193802,26.6,tavg,1938,2,-3.04
193803,32.3,tavg,1938,3,-2.16
193804,41.2,tavg,1938,4,0.89
193805,48.4,tavg,1938,5,0.16
193806,56.6,tavg,1938,6,2.71
193807,63.9,tavg,1938,7,2.11
193808,57.9,tavg,1938,8,-3.85
193809,58.2,tavg,1938,9,3.62
193810,43.8,tavg,1938,10,0.91
193811,29.3,tavg,1938,11,-3.19
193812,27.5,tavg,1938,12,1.35
193901,29,tavg,1939,1,1.7
193902,25.1,tavg,1939,2,-4.54
193903,33.8,tavg,1939,3,-0.66
193904,42.8,tavg,1939,4,2.49
193905,48.7,tavg,1939,5,0.46
193906,51.2,tavg,1939,6,-2.69
193907,61.2,tavg,1939,7,-0.59
193908,61.5,tavg,1939,8,-0.25
193909,54.3,tavg,1939,9,-0.28
193910,44.2,tavg,1939,10,1.31
193911,34.6,tavg,1939,11,2.11
193912,31.7,tavg,1939,12,5.55
194001,25.9,tavg,1940,1,-1.4
194002,30.2,tavg,1940,2,0.56
194003,37.4,tavg,1940,3,2.94
194004,41.9,tavg,1940,4,1.59
194005,50.2,tavg,1940,5,1.96
194006,56.8,tavg,1940,6,2.91
194007,61.1,tavg,1940,7,-0.69
194008,60.5,tavg,1940,8,-1.25
194009,56.8,tavg,1940,9,2.22
194010,45.4,tavg,1940,10,2.51
194011,28,tavg,1940,11,-4.49
194012,27.7,tavg,1940,12,1.55
194101,27.1,tavg,1941,1,-0.2
194102,31,tavg,1941,2,1.36
194103,38.6,tavg,1941,3,4.14
194104,43.9,tavg,1941,4,3.59
194105,47.2,tavg,1941,5,-1.04
194106,53.1,tavg,1941,6,-0.79
194107,64.3,tavg,1941,7,2.51
194108,59.4,tavg,1941,8,-2.35
194109,49.2,tavg,1941,9,-5.38
194110,42.6,tavg,1941,10,-0.29
194111,34.7,tavg,1941,11,2.21
194112,28.3,tavg,1941,12,2.15
194201,20.6,tavg,1942,1,-6.7
194202,29,tavg,1942,2,-0.64
194203,33.2,tavg,1942,3,-1.26
194204,42.4,tavg,1942,4,2.09
194205,45.8,tavg,1942,5,-2.44
194206,51.1,tavg,1942,6,-2.79
194207,61.9,tavg,1942,7,0.11
194208,62.6,tavg,1942,8,0.85
194209,55.7,tavg,1942,9,1.12
194210,44.9,tavg,1942,10,2.01
194211,29.2,tavg,1942,11,-3.29
194212,26.5,tavg,1942,12,0.35
194301,16.3,tavg,1943,1,-11
194302,29.1,tavg,1943,2,-0.54
194303,30,tavg,1943,3,-4.46
194304,42.2,tavg,1943,4,1.89
194305,44.3,tavg,1943,5,-3.94
194306,50.4,tavg,1943,6,-3.49
194307,60.8,tavg,1943,7,-0.99
194308,57.9,tavg,1943,8,-3.85
194309,55.9,tavg,1943,9,1.32
194310,43.7,tavg,1943,10,0.81
194311,33.2,tavg,1943,11,0.71
194312,26.5,tavg,1943,12,0.35
194401,23.3,tavg,1944,1,-4
194402,28.2,tavg,1944,2,-1.44
194403,31.8,tavg,1944,3,-2.66
194404,40.5,tavg,1944,4,0.19
194405,47.4,tavg,1944,5,-0.84
194406,53.9,tavg,1944,6,0.01
194407,61.4,tavg,1944,7,-0.39
194408,58.5,tavg,1944,8,-3.25
194409,55.9,tavg,1944,9,1.32
194410,47.5,tavg,1944,10,4.61
194411,31.9,tavg,1944,11,-0.59
194412,22.8,tavg,1944,12,-3.35
194501,28.1,tavg,1945,1,0.8
194502,30.7,tavg,1945,2,1.06
194503,31.9,tavg,1945,3,-2.56
194504,37.6,tavg,1945,4,-2.71
194505,48.5,tavg,1945,5,0.26
194506,52.5,tavg,1945,6,-1.39
194507,61.9,tavg,1945,7,0.11
194508,61.4,tavg,1945,8,-0.35
194509,51.4,tavg,1945,9,-3.18
194510,45.3,tavg,1945,10,2.41
194511,29.4,tavg,1945,11,-3.09
194512,25.1,tavg,1945,12,-1.05
194601,26.6,tavg,1946,1,-0.7
194602,28.3,tavg,1946,2,-1.34
194603,33.7,tavg,1946,3,-0.76
194604,40.3,tavg,1946,4,-0.01
194605,50,tavg,1946,5,1.76
194606,50.7,tavg,1946,6,-3.19
194607,59.8,tavg,1946,7,-1.99
194608,60.4,tavg,1946,8,-1.35
194609,51.8,tavg,1946,9,-2.78
194610,39.6,tavg,1946,10,-3.29
194611,28.1,tavg,1946,11,-4.39
194612,27,tavg,1946,12,0.85
194701,21.8,tavg,1947,1,-5.5
194702,29.9,tavg,1947,2,0.26
194703,37,tavg,1947,3,2.54
194704,42.7,tavg,1947,4,2.39
194705,52.1,tavg,1947,5,3.86
194706,52.1,tavg,1947,6,-1.79
194707,59.1,tavg,1947,7,-2.69
194708,57.6,tavg,1947,8,-4.15
194709,54,tavg,1947,9,-0.58
194710,42.8,tavg,1947,10,-0.09
194711,33.4,tavg,1947,11,0.91
194712,28.8,tavg,1947,12,2.65
194801,24,tavg,1948,1,-3.3
194802,25,tavg,1948,2,-4.64
194803,30.5,tavg,1948,3,-3.96
194804,36.6,tavg,1948,4,-3.71
194805,45.4,tavg,1948,5,-2.84
194806,56.9,tavg,1948,6,3.01
194807,57.1,tavg,1948,7,-4.69
194808,56.7,tavg,1948,8,-5.05
194809,51.1,tavg,1948,9,-3.48
194810,40.6,tavg,1948,10,-2.29
194811,31.4,tavg,1948,11,-1.09
194812,19.2,tavg,1948,12,-6.95
194901,9.8,tavg,1949,1,-17.5
194902,22.1,tavg,1949,2,-7.54
194903,32.6,tavg,1949,3,-1.86
194904,42,tavg,1949,4,1.69
194905,50.7,tavg,1949,5,2.46
194906,52.3,tavg,1949,6,-1.59
194907,58.8,tavg,1949,7,-2.99
194908,58.9,tavg,1949,8,-2.85
194909,54.3,tavg,1949,9,-0.28
194910,39.8,tavg,1949,10,-3.09
194911,37.4,tavg,1949,11,4.91
194912,26.5,tavg,1949,12,0.35
195001,6.8,tavg,1950,1,-20.5
195002,24.8,tavg,1950,2,-4.84
195003,30.7,tavg,1950,3,-3.76
195004,36.8,tavg,1950,4,-3.51
195005,45.1,tavg,1950,5,-3.14
195006,53.1,tavg,1950,6,-0.79
195007,60.5,tavg,1950,7,-1.29
195008,61,tavg,1950,8,-0.75
195009,55.2,tavg,1950,9,0.62
195010,40.7,tavg,1950,10,-2.19
195011,31.5,tavg,1950,11,-0.99
195012,30.6,tavg,1950,12,4.45
195101,23.7,tavg,1951,1,-3.6
195102,26.7,tavg,1951,2,-2.94
195103,28.1,tavg,1951,3,-6.36
195104,41.3,tavg,1951,4,0.99
195105,47.7,tavg,1951,5,-0.54
195106,54.4,tavg,1951,6,0.51
195107,61,tavg,1951,7,-0.79
195108,59.5,tavg,1951,8,-2.25
195109,54.4,tavg,1951,9,-0.18
195110,41.4,tavg,1951,10,-1.49
195111,30.6,tavg,1951,11,-1.89
195112,21.4,tavg,1951,12,-4.75
195201,18,tavg,1952,1,-9.3
195202,27,tavg,1952,2,-2.64
195203,31.5,tavg,1952,3,-2.96
195204,41.7,tavg,1952,4,1.39
195205,48.1,tavg,1952,5,-0.14
195206,51.7,tavg,1952,6,-2.19
195207,61,tavg,1952,7,-0.79
195208,60.1,tavg,1952,8,-1.65
195209,56.4,tavg,1952,9,1.82
195210,47.9,tavg,1952,10,5.01
195211,29.1,tavg,1952,11,-3.39
195212,27.6,tavg,1952,12,1.45
195301,32.1,tavg,1953,1,4.8
195302,31.6,tavg,1953,2,1.96
195303,34.2,tavg,1953,3,-0.26
195304,38.6,tavg,1953,4,-1.71
195305,45.3,tavg,1953,5,-2.94
195306,48.7,tavg,1953,6,-5.19
195307,59.7,tavg,1953,7,-2.09
195308,59,tavg,1953,8,-2.75
195309,53.9,tavg,1953,9,-0.68
195310,44.7,tavg,1953,10,1.81
195311,34.7,tavg,1953,11,2.21
195312,30.9,tavg,1953,12,4.75
195401,21.4,tavg,1954,1,-5.9
195402,29.6,tavg,1954,2,-0.04
195403,29.6,tavg,1954,3,-4.86
195404,36.9,tavg,1954,4,-3.41
195405,47.3,tavg,1954,5,-0.94
195406,49.1,tavg,1954,6,-4.79
195407,57.2,tavg,1954,7,-4.59
195408,55.9,tavg,1954,8,-5.85
195409,52,tavg,1954,9,-2.58
195410,40.5,tavg,1954,10,-2.39
195411,37.5,tavg,1954,11,5.01
195412,26.2,tavg,1954,12,0.05
195501,25.3,tavg,1955,1,-2
195502,26.2,tavg,1955,2,-3.44
195503,26.3,tavg,1955,3,-8.16
195504,34.7,tavg,1955,4,-5.61
195505,43.1,tavg,1955,5,-5.14
195506,53.1,tavg,1955,6,-0.79
195507,56.9,tavg,1955,7,-4.89
195508,58.8,tavg,1955,8,-2.95
195509,52.9,tavg,1955,9,-1.68
195510,41.7,tavg,1955,10,-1.19
195511,24.1,tavg,1955,11,-8.39
195512,21.1,tavg,1955,12,-5.05
195601,23.4,tavg,1956,1,-3.9
195602,19.6,tavg,1956,2,-10.04
195603,29.3,tavg,1956,3,-5.16
195604,41.8,tavg,1956,4,1.49
195605,50.3,tavg,1956,5,2.06
195606,50.4,tavg,1956,6,-3.49
195607,62,tavg,1956,7,0.21
195608,59.8,tavg,1956,8,-1.95
195609,52.9,tavg,1956,9,-1.68
195610,40.8,tavg,1956,10,-2.09
195611,29.5,tavg,1956,11,-2.99
195612,27.6,tavg,1956,12,1.45
195701,13.2,tavg,1957,1,-14.1
195702,25.3,tavg,1957,2,-4.34
195703,32.7,tavg,1957,3,-1.76
195704,41.6,tavg,1957,4,1.29
195705,51.8,tavg,1957,5,3.56
195706,54.4,tavg,1957,6,0.51
195707,57.5,tavg,1957,7,-4.29
195708,56,tavg,1957,8,-5.75
195709,56.6,tavg,1957,9,2.02
195710,40.9,tavg,1957,10,-1.99
195711,32.2,tavg,1957,11,-0.29
195712,30.4,tavg,1957,12,4.25
195801,29,tavg,1958,1,1.7
195802,35.2,tavg,1958,2,5.56
195803,33.2,tavg,1958,3,-1.26
195804,39.4,tavg,1958,4,-0.91
195805,54,tavg,1958,5,5.76
195806,58.6,tavg,1958,6,4.71
195807,65.2,tavg,1958,7,3.41
195808,64.3,tavg,1958,8,2.55
195809,52.2,tavg,1958,9,-2.38
195810,44.2,tavg,1958,10,1.31
195811,29.3,tavg,1958,11,-3.19
195812,29.2,tavg,1958,12,3.05
195901,25.3,tavg,1959,1,-2
195902,27.2,tavg,1959,2,-2.44
195903,33.3,tavg,1959,3,-1.16
195904,40.6,tavg,1959,4,0.29
195905,44.5,tavg,1959,5,-3.74
195906,52.8,tavg,1959,6,-1.09
195907,61.4,tavg,1959,7,-0.39
195908,57.3,tavg,1959,8,-4.45
195909,50.4,tavg,1959,9,-4.18
195910,42.8,tavg,1959,10,-0.09
195911,29.7,tavg,1959,11,-2.79
195912,27.6,tavg,1959,12,1.45
196001,21,tavg,1960,1,-6.3
196002,28.8,tavg,1960,2,-0.84
196003,32.1,tavg,1960,3,-2.36
196004,39.9,tavg,1960,4,-0.41
196005,44.6,tavg,1960,5,-3.64
196006,53.8,tavg,1960,6,-0.09
196007,64.3,tavg,1960,7,2.51
196008,57.4,tavg,1960,8,-4.35
196009,53,tavg,1960,9,-1.58
196010,44.4,tavg,1960,10,1.51
196011,31.2,tavg,1960,11,-1.29
196012,24,tavg,1960,12,-2.15
196101,27.3,tavg,1961,1,-0
196102,33,tavg,1961,2,3.36
196103,34.1,tavg,1961,3,-0.36
196104,39.5,tavg,1961,4,-0.81
196105,46.4,tavg,1961,5,-1.84
196106,57.9,tavg,1961,6,4.01
196107,62.9,tavg,1961,7,1.11
196108,64.6,tavg,1961,8,2.85
196109,50.1,tavg,1961,9,-4.48
196110,40.4,tavg,1961,10,-2.49
196111,27,tavg,1961,11,-5.49
196112,25.5,tavg,1961,12,-0.65
196201,23.7,tavg,1962,1,-3.6
196202,29.9,tavg,1962,2,0.26
196203,30.7,tavg,1962,3,-3.76
196204,42.5,tavg,1962,4,2.19
196205,43.8,tavg,1962,5,-4.44
196206,52.7,tavg,1962,6,-1.19
196207,59.2,tavg,1962,7,-2.59
196208,57.6,tavg,1962,8,-4.15
196209,54.2,tavg,1962,9,-0.38
196210,43.1,tavg,1962,10,0.21
196211,34.1,tavg,1962,11,1.61
196212,30.1,tavg,1962,12,3.95
196301,21.7,tavg,1963,1,-5.6
196302,33.5,tavg,1963,2,3.86
196303,34.7,tavg,1963,3,0.24
196304,38.1,tavg,1963,4,-2.21
196305,47.4,tavg,1963,5,-0.84
196306,53.3,tavg,1963,6,-0.59
196307,57.2,tavg,1963,7,-4.59
196308,60.2,tavg,1963,8,-1.55
196309,57.4,tavg,1963,9,2.82
196310,44.6,tavg,1963,10,1.71
196311,32.8,tavg,1963,11,0.31
196312,25.6,tavg,1963,12,-0.55
196401,27.7,tavg,1964,1,0.4
196402,29.6,tavg,1964,2,-0.04
196403,31.6,tavg,1964,3,-2.86
196404,37.4,tavg,1964,4,-2.91
196405,44.7,tavg,1964,5,-3.54
196406,51.5,tavg,1964,6,-2.39
196407,58.7,tavg,1964,7,-3.09
196408,55.4,tavg,1964,8,-6.35
196409,50.2,tavg,1964,9,-4.38
196410,42.8,tavg,1964,10,-0.09
196411,30.7,tavg,1964,11,-1.79
196412,21.5,tavg,1964,12,-4.65
196501,26.5,tavg,1965,1,-0.8
196502,30.6,tavg,1965,2,0.96
196503,32.1,tavg,1965,3,-2.36
196504,41.3,tavg,1965,4,0.99
196505,45.3,tavg,1965,5,-2.94
196506,53.6,tavg,1965,6,-0.29
196507,61.4,tavg,1965,7,-0.39
196508,60.1,tavg,1965,8,-1.65
196509,50.5,tavg,1965,9,-4.08
196510,45.6,tavg,1965,10,2.71
196511,35.4,tavg,1965,11,2.91
196512,26.1,tavg,1965,12,-0.05
196601,24.4,tavg,1966,1,-2.9
196602,29.6,tavg,1966,2,-0.04
196603,32.6,tavg,1966,3,-1.86
196604,40.8,tavg,1966,4,0.49
196605,48.5,tavg,1966,5,0.26
196606,51.1,tavg,1966,6,-2.79
196607,57.8,tavg,1966,7,-3.99
196608,59.7,tavg,1966,8,-2.05
196609,56.6,tavg,1966,9,2.02
196610,42.5,tavg,1966,10,-0.39
196611,34.6,tavg,1966,11,2.11
196612,30.7,tavg,1966,12,4.55
196701,31.3,tavg,1967,1,4
196702,33.8,tavg,1967,2,4.16
196703,32.4,tavg,1967,3,-2.06
196704,36.2,tavg,1967,4,-4.11
196705,46.9,tavg,1967,5,-1.34
196706,56.7,tavg,1967,6,2.81
196707,61.7,tavg,1967,7,-0.09
196708,65.2,tavg,1967,8,3.45
196709,58.8,tavg,1967,9,4.22
196710,43,tavg,1967,10,0.11
196711,33.5,tavg,1967,11,1.01
196712,26.3,tavg,1967,12,0.15
196801,26.2,tavg,1968,1,-1.1
196802,32.5,tavg,1968,2,2.86
196803,36.6,tavg,1968,3,2.14
196804,38.2,tavg,1968,4,-2.11
196805,47.1,tavg,1968,5,-1.14
196806,52.9,tavg,1968,6,-0.99
196807,62.3,tavg,1968,7,0.51
196808,56.9,tavg,1968,8,-4.85
196809,53.5,tavg,1968,9,-1.08
196810,40.1,tavg,1968,10,-2.79
196811,32.8,tavg,1968,11,0.31
196812,22.2,tavg,1968,12,-3.95
196901,13.6,tavg,1969,1,-13.7
196902,23.9,tavg,1969,2,-5.74
196903,32.7,tavg,1969,3,-1.76
196904,39.4,tavg,1969,4,-0.91
196905,50.3,tavg,1969,5,2.06
196906,58.7,tavg,1969,6,4.81
196907,58.9,tavg,1969,7,-2.89
196908,57.8,tavg,1969,8,-3.95
196909,53.3,tavg,1969,9,-1.28
196910,40.7,tavg,1969,10,-2.19
196911,33.8,tavg,1969,11,1.31
196912,27.3,tavg,1969,12,1.15
197001,23.4,tavg,1970,1,-3.9
197002,31.9,tavg,1970,2,2.26
197003,33.2,tavg,1970,3,-1.26
197004,36.3,tavg,1970,4,-4.01
197005,47,tavg,1970,5,-1.24
197006,57.7,tavg,1970,6,3.81
197007,61.9,tavg,1970,7,0.11
197008,61,tavg,1970,8,-0.75
197009,49.2,tavg,1970,9,-5.38
197010,40.7,tavg,1970,10,-2.19
197011,30.9,tavg,1970,11,-1.59
197012,23,tavg,1970,12,-3.15
197101,26.5,tavg,1971,1,-0.8
197102,29.9,tavg,1971,2,0.26
197103,28.3,tavg,1971,3,-6.16
197104,37.8,tavg,1971,4,-2.51
197105,48.6,tavg,1971,5,0.36
197106,49.6,tavg,1971,6,-4.29
197107,61.3,tavg,1971,7,-0.49
197108,63.8,tavg,1971,8,2.05
197109,48.7,tavg,1971,9,-5.88
197110,40.6,tavg,1971,10,-2.29
197111,32.2,tavg,1971,11,-0.29
197112,22.8,tavg,1971,12,-3.35
197201,22.3,tavg,1972,1,-5
197202,26.8,tavg,1972,2,-2.84
197203,34.1,tavg,1972,3,-0.36
197204,35.6,tavg,1972,4,-4.71
197205,48.9,tavg,1972,5,0.66
197206,53.2,tavg,1972,6,-0.69
197207,58.8,tavg,1972,7,-2.99
197208,61.5,tavg,1972,8,-0.25
197209,48.4,tavg,1972,9,-6.18
197210,41.8,tavg,1972,10,-1.09
197211,33.9,tavg,1972,11,1.41
197212,22,tavg,1972,12,-4.15
197301,22.6,tavg,1973,1,-4.7
197302,29.9,tavg,1973,2,0.26
197303,35.2,tavg,1973,3,0.74
197304,40.8,tavg,1973,4,0.49
197305,48.1,tavg,1973,5,-0.14
197306,52.7,tavg,1973,6,-1.19
197307,61.5,tavg,1973,7,-0.29
197308,59.4,tavg,1973,8,-2.35
197309,53.7,tavg,1973,9,-0.88
197310,41.8,tavg,1973,10,-1.09
197311,28.5,tavg,1973,11,-3.99
197312,30,tavg,1973,12,3.85
197401,21.8,tavg,1974,1,-5.5
197402,31.6,tavg,1974,2,1.96
197403,32.5,tavg,1974,3,-1.96
197404,39.2,tavg,1974,4,-1.11
197405,43.4,tavg,1974,5,-4.84
197406,55.3,tavg,1974,6,1.41
197407,58.3,tavg,1974,7,-3.49
197408,61.1,tavg,1974,8,-0.65
197409,55.7,tavg,1974,9,1.12
197410,43.8,tavg,1974,10,0.91
197411,34,tavg,1974,11,1.51
197412,29.7,tavg,1974,12,3.55
197501,24.7,tavg,1975,1,-2.6
197502,24.6,tavg,1975,2,-5.04
197503,30,tavg,1975,3,-4.46
197504,36.2,tavg,1975,4,-4.11
197505,45.8,tavg,1975,5,-2.44
197506,51.6,tavg,1975,6,-2.29
197507,63.2,tavg,1975,7,1.41
197508,56.4,tavg,1975,8,-5.35
197509,54.5,tavg,1975,9,-0.08
197510,41.4,tavg,1975,10,-1.49
197511,30.6,tavg,1975,11,-1.89
197512,28.3,tavg,1975,12,2.15
197601,27.6,tavg,1976,1,0.3
197602,28.7,tavg,1976,2,-0.94
197603,29.9,tavg,1976,3,-4.56
197604,38.4,tavg,1976,4,-1.91
197605,46.2,tavg,1976,5,-2.04
197606,49.4,tavg,1976,6,-4.49
197607,58.4,tavg,1976,7,-3.39
197608,56.5,tavg,1976,8,-5.25
197609,56,tavg,1976,9,1.42
197610,42.9,tavg,1976,10,0.01
197611,33.5,tavg,1976,11,1.01
197612,28.4,tavg,1976,12,2.25
197701,21.6,tavg,1977,1,-5.7
197702,32.3,tavg,1977,2,2.66
197703,33.5,tavg,1977,3,-0.96
197704,43.4,tavg,1977,4,3.09
197705,43.6,tavg,1977,5,-4.64
197706,56.9,tavg,1977,6,3.01
197707,58.6,tavg,1977,7,-3.19
197708,64.3,tavg,1977,8,2.55
197709,49.9,tavg,1977,9,-4.68
197710,41.5,tavg,1977,10,-1.39
197711,29.5,tavg,1977,11,-2.99
197712,26.2,tavg,1977,12,0.05
197801,26.9,tavg,1978,1,-0.4
197802,30.5,tavg,1978,2,0.86
197803,36,tavg,1978,3,1.54
197804,39.5,tavg,1978,4,-0.81
197805,45,tavg,1978,5,-3.24
197806,55.8,tavg,1978,6,1.91
197807,60.9,tavg,1978,7,-0.89
197808,58.7,tavg,1978,8,-3.05
197809,50.2,tavg,1978,9,-4.38
197810,43.2,tavg,1978,10,0.31
197811,27.3,tavg,1978,11,-5.19
197812,21.3,tavg,1978,12,-4.85
197901,13.7,tavg,1979,1,-13.6
197902,25.8,tavg,1979,2,-3.84
197903,35.4,tavg,1979,3,0.94
197904,39.6,tavg,1979,4,-0.71
197905,48.8,tavg,1979,5,0.56
197906,55.1,tavg,1979,6,1.21
197907,61.8,tavg,1979,7,0.01
197908,61,tavg,1979,8,-0.75
197909,55.9,tavg,1979,9,1.32
197910,46,tavg,1979,10,3.11
197911,28.9,tavg,1979,11,-3.59
197912,30.3,tavg,1979,12,4.15
198001,17.6,tavg,1980,1,-9.7
198002,28.2,tavg,1980,2,-1.44
198003,32.8,tavg,1980,3,-1.66
198004,42.9,tavg,1980,4,2.59
198005,47.8,tavg,1980,5,-0.44
198006,50.8,tavg,1980,6,-3.09
198007,59.9,tavg,1980,7,-1.89
198008,56.9,tavg,1980,8,-4.85
198009,53.2,tavg,1980,9,-1.38
198010,43.5,tavg,1980,10,0.61
198011,33.3,tavg,1980,11,0.81
198012,29.2,tavg,1980,12,3.05
198101,32.5,tavg,1981,1,5.2
198102,30.5,tavg,1981,2,0.86
198103,37.3,tavg,1981,3,2.84
198104,39.6,tavg,1981,4,-0.71
198105,46.6,tavg,1981,5,-1.64
198106,50,tavg,1981,6,-3.89
198107,58.4,tavg,1981,7,-3.39
198108,64.1,tavg,1981,8,2.35
198109,53.5,tavg,1981,9,-1.08
198110,40.8,tavg,1981,10,-2.09
198111,34.3,tavg,1981,11,1.81
198112,26,tavg,1981,12,-0.15
198201,24.3,tavg,1982,1,-3
198202,27.4,tavg,1982,2,-2.24
198203,33.2,tavg,1982,3,-1.26
198204,36.2,tavg,1982,4,-4.11
198205,45.8,tavg,1982,5,-2.44
198206,57.1,tavg,1982,6,3.21
198207,58.9,tavg,1982,7,-2.89
198208,59.6,tavg,1982,8,-2.15
198209,53.2,tavg,1982,9,-1.38
198210,41.3,tavg,1982,10,-1.59
198211,28.3,tavg,1982,11,-4.19
198212,24.7,tavg,1982,12,-1.45
198301,31.1,tavg,1983,1,3.8
198302,32.3,tavg,1983,2,2.66
198303,37.1,tavg,1983,3,2.64
198304,40.2,tavg,1983,4,-0.11
198305,49.7,tavg,1983,5,1.46
198306,52.5,tavg,1983,6,-1.39
198307,56.1,tavg,1983,7,-5.69
198308,61.1,tavg,1983,8,-0.65
198309,49.6,tavg,1983,9,-4.98
198310,42.2,tavg,1983,10,-0.69
198311,34.2,tavg,1983,11,1.71
198312,16.7,tavg,1983,12,-9.45
198401,27.4,tavg,1984,1,0.1
198402,31.1,tavg,1984,2,1.46
198403,36.7,tavg,1984,3,2.24
198404,38,tavg,1984,4,-2.31
198405,43,tavg,1984,5,-5.24
198406,51.3,tavg,1984,6,-2.59
198407,60.8,tavg,1984,7,-0.99
198408,60.5,tavg,1984,8,-1.25
198409,50.1,tavg,1984,9,-4.48
198410,39.2,tavg,1984,10,-3.69
198411,30.5,tavg,1984,11,-1.99
198412,18.7,tavg,1984,12,-7.45
198501,22,tavg,1985,1,-5.3
198502,23.6,tavg,1985,2,-6.04
198503,32.2,tavg,1985,3,-2.26
198504,40.9,tavg,1985,4,0.59
198505,48.4,tavg,1985,5,0.16
198506,54.1,tavg,1985,6,0.21
198507,65.8,tavg,1985,7,4.01
198508,58.5,tavg,1985,8,-3.25
198509,48.8,tavg,1985,9,-5.78
198510,40.6,tavg,1985,10,-2.29
198511,19.9,tavg,1985,11,-12.59
198512,18.9,tavg,1985,12,-7.25
198601,28.2,tavg,1986,1,0.9
198602,27.9,tavg,1986,2,-1.74
198603,37.6,tavg,1986,3,3.14
198604,38.8,tavg,1986,4,-1.51
198605,47.6,tavg,1986,5,-0.64
198606,58,tavg,1986,6,4.11
198607,56.5,tavg,1986,7,-5.29
198608,64.8,tavg,1986,8,3.05
198609,49.7,tavg,1986,9,-4.88
198610,45.6,tavg,1986,10,2.71
198611,33,tavg,1986,11,0.51
198612,25.6,tavg,1986,12,-0.55
198701,24.7,tavg,1987,1,-2.6
198702,31.7,tavg,1987,2,2.06
198703,35.4,tavg,1987,3,0.94
198704,43.8,tavg,1987,4,3.49
198705,49.5,tavg,1987,5,1.26
198706,57,tavg,1987,6,3.11
198707,59.1,tavg,1987,7,-2.69
198708,60.4,tavg,1987,8,-1.35
198709,57.4,tavg,1987,9,2.82
198710,46.6,tavg,1987,10,3.71
198711,35.7,tavg,1987,11,3.21
198712,24.2,tavg,1987,12,-1.95
198801,24.1,tavg,1988,1,-3.2
198802,31.6,tavg,1988,2,1.96
198803,34.6,tavg,1988,3,0.14
198804,41.9,tavg,1988,4,1.59
198805,46.4,tavg,1988,5,-1.84
198806,52.7,tavg,1988,6,-1.19
198807,60.3,tavg,1988,7,-1.49
198808,60,tavg,1988,8,-1.75
198809,53.6,tavg,1988,9,-0.98
198810,49.1,tavg,1988,10,6.21
198811,32.8,tavg,1988,11,0.31
198812,26.6,tavg,1988,12,0.45
198901,27.9,tavg,1989,1,0.6
198902,20.8,tavg,1989,2,-8.84
198903,31.5,tavg,1989,3,-2.96
198904,43.1,tavg,1989,4,2.79
198905,46.6,tavg,1989,5,-1.64
198906,56.1,tavg,1989,6,2.21
198907,59.2,tavg,1989,7,-2.59
198908,58.4,tavg,1989,8,-3.35
198909,55.3,tavg,1989,9,0.72
198910,42.6,tavg,1989,10,-0.29
198911,35.5,tavg,1989,11,3.01
198912,30.3,tavg,1989,12,4.15
199001,29.3,tavg,1990,1,2
199002,26.9,tavg,1990,2,-2.74
199003,36.2,tavg,1990,3,1.74
199004,44,tavg,1990,4,3.69
199005,45.3,tavg,1990,5,-2.94
199006,53,tavg,1990,6,-0.89
199007,63.6,tavg,1990,7,1.81
199008,62,tavg,1990,8,0.25
199009,59.2,tavg,1990,9,4.62
199010,39.1,tavg,1990,10,-3.79
199011,34.2,tavg,1990,11,1.71
199012,19.1,tavg,1990,12,-7.05
199101,25,tavg,1991,1,-2.3
199102,35.9,tavg,1991,2,6.26
199103,32.1,tavg,1991,3,-2.36
199104,39.8,tavg,1991,4,-0.51
199105,45.4,tavg,1991,5,-2.84
199106,50.2,tavg,1991,6,-3.69
199107,61,tavg,1991,7,-0.79
199108,62.2,tavg,1991,8,0.45
199109,57.3,tavg,1991,9,2.72
199110,43.2,tavg,1991,10,0.31
199111,32,tavg,1991,11,-0.49
199112,29.5,tavg,1991,12,3.35
199201,29.3,tavg,1992,1,2
199202,34.6,tavg,1992,2,4.96
199203,40.8,tavg,1992,3,6.34
199204,42.3,tavg,1992,4,1.99
199205,52.1,tavg,1992,5,3.86
199206,60,tavg,1992,6,6.11
199207,60.3,tavg,1992,7,-1.49
199208,62,tavg,1992,8,0.25
199209,51.1,tavg,1992,9,-3.48
199210,44.3,tavg,1992,10,1.41
199211,31.7,tavg,1992,11,-0.79
199212,21.7,tavg,1992,12,-4.45
199301,19.6,tavg,1993,1,-7.7
199302,24.9,tavg,1993,2,-4.74
199303,33.8,tavg,1993,3,-0.66
199304,38.8,tavg,1993,4,-1.51
199305,52.5,tavg,1993,5,4.26
199306,52.1,tavg,1993,6,-1.79
199307,54,tavg,1993,7,-7.79
199308,58.6,tavg,1993,8,-3.15
199309,55.6,tavg,1993,9,1.02
199310,46.5,tavg,1993,10,3.61
199311,28.7,tavg,1993,11,-3.79
199312,27.4,tavg,1993,12,1.25
199401,32.5,tavg,1994,1,5.2
199402,26.6,tavg,1994,2,-3.04
199403,37.2,tavg,1994,3,2.74
199404,43.5,tavg,1994,4,3.19
199405,49.6,tavg,1994,5,1.36
199406,52.8,tavg,1994,6,-1.09
199407,64.4,tavg,1994,7,2.61
199408,60.9,tavg,1994,8,-0.85
199409,58.1,tavg,1994,9,3.52
199410,42.1,tavg,1994,10,-0.79
199411,27.2,tavg,1994,11,-5.29
199412,25.3,tavg,1994,12,-0.85
199501,26.7,tavg,1995,1,-0.6
199502,32.7,tavg,1995,2,3.06
199503,33.9,tavg,1995,3,-0.56
199504,39.4,tavg,1995,4,-0.91
199505,50.3,tavg,1995,5,2.06
199506,53.8,tavg,1995,6,-0.09
199507,60.8,tavg,1995,7,-0.99
199508,55.7,tavg,1995,8,-6.05
199509,57.3,tavg,1995,9,2.72
199510,40.7,tavg,1995,10,-2.19
199511,34.9,tavg,1995,11,2.41
199512,26.1,tavg,1995,12,-0.05
199601,24,tavg,1996,1,-3.3
199602,26.7,tavg,1996,2,-2.94
199603,34.2,tavg,1996,3,-0.26
199604,40.5,tavg,1996,4,0.19
199605,43.2,tavg,1996,5,-5.04
199606,52.9,tavg,1996,6,-0.99
199607,63.6,tavg,1996,7,1.81
199608,61.6,tavg,1996,8,-0.15
199609,51.1,tavg,1996,9,-3.48
199610,41.2,tavg,1996,10,-1.69
199611,30.7,tavg,1996,11,-1.79
199612,22.5,tavg,1996,12,-3.65
199701,25.6,tavg,1997,1,-1.7
199702,29,tavg,1997,2,-0.64
199703,32.9,tavg,1997,3,-1.56
199704,38.2,tavg,1997,4,-2.11
199705,49.4,tavg,1997,5,1.16
199706,52,tavg,1997,6,-1.89
199707,59.2,tavg,1997,7,-2.59
199708,62.8,tavg,1997,8,1.05
199709,54.7,tavg,1997,9,0.12
199710,41.1,tavg,1997,10,-1.79
199711,34.6,tavg,1997,11,2.11
199712,27.6,tavg,1997,12,1.45
199801,26.1,tavg,1998,1,-1.2
199802,31.7,tavg,1998,2,2.06
199803,35.6,tavg,1998,3,1.14
199804,41.4,tavg,1998,4,1.09
199805,48.6,tavg,1998,5,0.36
199806,54.7,tavg,1998,6,0.81
199807,65.8,tavg,1998,7,4.01
199808,63.8,tavg,1998,8,2.05
199809,59.6,tavg,1998,9,5.02
199810,42.6,tavg,1998,10,-0.29
199811,33.8,tavg,1998,11,1.31
199812,24.5,tavg,1998,12,-1.65
199901,29.8,tavg,1999,1,2.5
199902,28.7,tavg,1999,2,-0.94
199903,32.4,tavg,1999,3,-2.06
199904,38.8,tavg,1999,4,-1.51
199905,43.4,tavg,1999,5,-4.84
199906,51,tavg,1999,6,-2.89
199907,58.1,tavg,1999,7,-3.69
199908,62.1,tavg,1999,8,0.35
199909,53.2,tavg,1999,9,-1.38
199910,42.2,tavg,1999,10,-0.69
199911,35.9,tavg,1999,11,3.41
199912,30.3,tavg,1999,12,4.15
200001,25.2,tavg,2000,1,-2.1
200002,29.6,tavg,2000,2,-0.04
200003,34,tavg,2000,3,-0.46
200004,43.2,tavg,2000,4,2.89
200005,46,tavg,2000,5,-2.24
200006,54.3,tavg,2000,6,0.41
200007,59.4,tavg,2000,7,-2.39
200008,60,tavg,2000,8,-1.75
200009,52.2,tavg,2000,9,-2.38
200010,42.4,tavg,2000,10,-0.49
200011,28.3,tavg,2000,11,-4.19
200012,24.7,tavg,2000,12,-1.45
200101,27.5,tavg,2001,1,0.2
200102,27.4,tavg,2001,2,-2.24
200103,35.4,tavg,2001,3,0.94
200104,38.6,tavg,2001,4,-1.71
200105,48.9,tavg,2001,5,0.66
200106,51,tavg,2001,6,-2.89
200107,60.2,tavg,2001,7,-1.59
200108,62.9,tavg,2001,8,1.15
200109,56.5,tavg,2001,9,1.92
200110,40.9,tavg,2001,10,-1.99
200111,34.4,tavg,2001,11,1.91
200112,26.7,tavg,2001,12,0.55
200201,27.9,tavg,2002,1,0.6
200202,29.5,tavg,2002,2,-0.14
200203,30.2,tavg,2002,3,-4.26
200204,40,tavg,2002,4,-0.31
200205,44.8,tavg,2002,5,-3.44
200206,55.4,tavg,2002,6,1.51
200207,62.5,tavg,2002,7,0.71
200208,60.3,tavg,2002,8,-1.45
200209,53.5,tavg,2002,9,-1.08
200210,42.3,tavg,2002,10,-0.59
200211,35.3,tavg,2002,11,2.81
200212,29.1,tavg,2002,12,2.95
200301,30.8,tavg,2003,1,3.5
200302,30.8,tavg,2003,2,1.16
200303,35.3,tavg,2003,3,0.84
200304,39.2,tavg,2003,4,-1.11
200305,46.3,tavg,2003,5,-1.94
200306,56.8,tavg,2003,6,2.91
200307,64.3,tavg,2003,7,2.51
200308,62.7,tavg,2003,8,0.95
200309,56.5,tavg,2003,9,1.92
200310,45.9,tavg,2003,10,3.01
200311,28.2,tavg,2003,11,-4.29
200312,25.6,tavg,2003,12,-0.55
200401,25.3,tavg,2004,1,-2
200402,29.9,tavg,2004,2,0.26
200403,37.5,tavg,2004,3,3.04
200404,44,tavg,2004,4,3.69
200405,47.2,tavg,2004,5,-1.04
200406,56.6,tavg,2004,6,2.71
200407,63.5,tavg,2004,7,1.71
200408,63.5,tavg,2004,8,1.75
200409,51.6,tavg,2004,9,-2.98
200410,43.9,tavg,2004,10,1.01
200411,34.4,tavg,2004,11,1.91
200412,30.5,tavg,2004,12,4.35
200501,27.2,tavg,2005,1,-0.1
200502,32,tavg,2005,2,2.36
200503,37.9,tavg,2005,3,3.44
200504,41.1,tavg,2005,4,0.79
200505,49.9,tavg,2005,5,1.66
200506,52,tavg,2005,6,-1.89
200507,60.9,tavg,2005,7,-0.89
200508,62.6,tavg,2005,8,0.85
200509,51.6,tavg,2005,9,-2.98
200510,43.4,tavg,2005,10,0.51
200511,30.8,tavg,2005,11,-1.69
200512,25.2,tavg,2005,12,-0.95
200601,30.2,tavg,2006,1,2.9
200602,27.2,tavg,2006,2,-2.44
200603,33.1,tavg,2006,3,-1.36
200604,40.6,tavg,2006,4,0.29
200605,48.2,tavg,2006,5,-0.04
200606,55.4,tavg,2006,6,1.51
200607,64,tavg,2006,7,2.21
200608,60.9,tavg,2006,8,-0.85
200609,55.3,tavg,2006,9,0.72
200610,43.4,tavg,2006,10,0.51
200611,30.2,tavg,2006,11,-2.29
200612,25.5,tavg,2006,12,-0.65
200701,24.6,tavg,2007,1,-2.7
200702,31.1,tavg,2007,2,1.46
200703,36.3,tavg,2007,3,1.84
200704,39.7,tavg,2007,4,-0.61
200705,48.4,tavg,2007,5,0.16
200706,52.6,tavg,2007,6,-1.29
200707,64.3,tavg,2007,7,2.51
200708,59.1,tavg,2007,8,-2.65
200709,52.7,tavg,2007,9,-1.88
200710,40.5,tavg,2007,10,-2.39
200711,31.8,tavg,2007,11,-0.69
200712,24.9,tavg,2007,12,-1.25
200801,22.3,tavg,2008,1,-5
200802,31.2,tavg,2008,2,1.56
200803,31.8,tavg,2008,3,-2.66
200804,35.6,tavg,2008,4,-4.71
200805,48.5,tavg,2008,5,0.26
200806,51.8,tavg,2008,6,-2.09
200807,60.8,tavg,2008,7,-0.99
200808,59.7,tavg,2008,8,-2.05
200809,54.2,tavg,2008,9,-0.38
200810,42.5,tavg,2008,10,-0.39
200811,35.8,tavg,2008,11,3.31
200812,21.7,tavg,2008,12,-4.45
200901,27,tavg,2009,1,-0.3
200902,28.7,tavg,2009,2,-0.94
200903,29.7,tavg,2009,3,-4.76
200904,39.3,tavg,2009,4,-1.01
200905,47.5,tavg,2009,5,-0.74
200906,55.6,tavg,2009,6,1.71
200907,64.1,tavg,2009,7,2.31
200908,62,tavg,2009,8,0.25
200909,55.6,tavg,2009,9,1.02
200910,39.2,tavg,2009,10,-3.69
200911,33,tavg,2009,11,0.51
200912,22.1,tavg,2009,12,-4.05
201001,30.8,tavg,2010,1,3.5
201002,33.2,tavg,2010,2,3.56
201003,35.7,tavg,2010,3,1.24
201004,39,tavg,2010,4,-1.31
201005,43.7,tavg,2010,5,-4.54
201006,51.2,tavg,2010,6,-2.69
201007,60.9,tavg,2010,7,-0.89
201008,59.4,tavg,2010,8,-2.35
201009,52,tavg,2010,9,-2.58
201010,44.4,tavg,2010,10,1.51
201011,30.1,tavg,2010,11,-2.39
201012,26.4,tavg,2010,12,0.25
201101,28.4,tavg,2011,1,1.1
201102,26.4,tavg,2011,2,-3.24
201103,32.4,tavg,2011,3,-2.06
201104,34.9,tavg,2011,4,-5.41
201105,43.6,tavg,2011,5,-4.64
201106,50.8,tavg,2011,6,-3.09
201107,56.6,tavg,2011,7,-5.19
201108,61.6,tavg,2011,8,-0.15
201109,57.5,tavg,2011,9,2.92
201110,42.7,tavg,2011,10,-0.19
201111,30.6,tavg,2011,11,-1.89
201112,27.6,tavg,2011,12,1.45
201201,25.9,tavg,2012,1,-1.4
201202,29.3,tavg,2012,2,-0.34
201203,31.8,tavg,2012,3,-2.66
201204,40.7,tavg,2012,4,0.39
201205,46,tavg,2012,5,-2.24
201206,50,tavg,2012,6,-3.89
201207,61.7,tavg,2012,7,-0.09
201208,63.1,tavg,2012,8,1.35
201209,56.9,tavg,2012,9,2.32
201210,43.1,tavg,2012,10,0.21
201211,33.6,tavg,2012,11,1.11
201212,26.4,tavg,2012,12,0.25
201301,26,tavg,2013,1,-1.3
201302,31.5,tavg,2013,2,1.86
201303,35.2,tavg,2013,3,0.74
201304,39.8,tavg,2013,4,-0.51
201305,49,tavg,2013,5,0.76
201306,54,tavg,2013,6,0.11
201307,64,tavg,2013,7,2.21
201308,62,tavg,2013,8,0.25
201309,55.1,tavg,2013,9,0.52
201310,42.9,tavg,2013,10,0.01
201311,32.8,tavg,2013,11,0.31
201312,25.4,tavg,2013,12,-0.75
201401,31.6,tavg,2014,1,4.3
201402,24.5,tavg,2014,2,-5.14
201403,34.6,tavg,2014,3,0.14
201404,40.9,tavg,2014,4,0.59
201405,49.5,tavg,2014,5,1.26
201406,54.1,tavg,2014,6,0.21
201407,65.5,tavg,2014,7,3.71
201408,63.4,tavg,2014,8,1.65
201409,55.4,tavg,2014,9,0.82
201410,47,tavg,2014,10,4.11
201411,31.8,tavg,2014,11,-0.69
201412,29.1,tavg,2014,12,2.95
201501,31.9,tavg,2015,1,4.6
201502,36.4,tavg,2015,2,6.76
201503,40.7,tavg,2015,3,6.24
201504,41.1,tavg,2015,4,0.79
201505,52,tavg,2015,5,3.76
201506,62.3,tavg,2015,6,8.41
201507,65,tavg,2015,7,3.21
201508,62.9,tavg,2015,8,1.15
201509,52.1,tavg,2015,9,-2.48
201510,48.2,tavg,2015,10,5.31
201511,31.8,tavg,2015,11,-0.69
201512,26.3,tavg,2015,12,0.15
201601,28.2,tavg,2016,1,0.9
201602,33.9,tavg,2016,2,4.26
201603,36.3,tavg,2016,3,1.84
201604,47.2,tavg,2016,4,6.89
201605,50.6,tavg,2016,5,2.36
201606,55.7,tavg,2016,6,1.81
201607,59.6,tavg,2016,7,-2.19
201608,62.5,tavg,2016,8,0.75
201609,52.4,tavg,2016,9,-2.18
201610,41.6,tavg,2016,10,-1.29
201611,38.1,tavg,2016,11,5.61
201612,21.5,tavg,2016,12,-4.65
201701,20.4,tavg,2017,1,-6.9
201702,25.9,tavg,2017,2,-3.74
201703,33.7,tavg,2017,3,-0.76
201704,38.6,tavg,2017,4,-1.71
201705,49,tavg,2017,5,0.76
201706,55.3,tavg,2017,6,1.41
201707,64.2,tavg,2017,7,2.41
201708,66.1,tavg,2017,8,4.35
201709,56,tavg,2017,9,1.42
201710,41.9,tavg,2017,10,-0.99
201711,32.5,tavg,2017,11,0.01
201712,26,tavg,2017,12,-0.15
201801,30.4,tavg,2018,1,3.1
201802,28.1,tavg,2018,2,-1.54
201803,33.6,tavg,2018,3,-0.86
201804,40.2,tavg,2018,4,-0.11
201805,53.9,tavg,2018,5,5.66
201806,53.7,tavg,2018,6,-0.19
201807,64.2,tavg,2018,7,2.41
201808,62.8,tavg,2018,8,1.05
201809,52.2,tavg,2018,9,-2.38
201810,43.9,tavg,2018,10,1.01
201811,34.6,tavg,2018,11,2.11
201812,27.6,tavg,2018,12,1.45
201901,30.1,tavg,2019,1,2.8
201902,20.8,tavg,2019,2,-8.84
201903,31.8,tavg,2019,3,-2.66
201904,41.2,tavg,2019,4,0.89
201905,51.3,tavg,2019,5,3.06
201906,55.2,tavg,2019,6,1.31
201907,59.6,tavg,2019,7,-2.19
201908,63,tavg,2019,8,1.25
201909,52.2,tavg,2019,9,-2.38
201910,38.2,tavg,2019,10,-4.69
201911,34.4,tavg,2019,11,1.91
201912,28.5,tavg,2019,12,2.35
202001,28.8,tavg,2020,1,1.5
202002,31.1,tavg,2020,2,1.46
202003,33.8,tavg,2020,3,-0.66
202004,41.6,tavg,2020,4,1.29
202005,48.5,tavg,2020,5,0.26
202006,53.5,tavg,2020,6,-0.39
202007,61.2,tavg,2020,7,-0.59
202008,62.2,tavg,2020,8,0.45
202009,58,tavg,2020,9,3.42
202010,44.6,tavg,2020,10,1.71
202011,32.7,tavg,2020,11,0.21
202012,28.9,tavg,2020,12,2.75
202101,29.8,tavg,2021,1,2.5
202102,26.5,tavg,2021,2,-3.14
202103,35,tavg,2021,3,0.54
202104,42.2,tavg,2021,4,1.89
202105,48,tavg,2021,5,-0.24
202106,60.3,tavg,2021,6,6.41
202107,67,tavg,2021,7,5.21
202108,62.3,tavg,2021,8,0.55
202109,53.7,tavg,2021,9,-0.88
202110,41.6,tavg,2021,10,-1.29
202111,35.2,tavg,2021,11,2.71
202112,24.5,tavg,2021,12,-1.65
202201,27.9,tavg,2022,1,0.6
202202,30.6,tavg,2022,2,0.96
202203,37,tavg,2022,3,2.54
202204,35.6,tavg,2022,4,-4.71
202205,43.6,tavg,2022,5,-4.64
202206,53.1,tavg,2022,6,-0.79
202207,64.6,tavg,2022,7,2.81
202208,66.9,tavg,2022,8,5.15
202209,57.9,tavg,2022,9,3.32
202210,50.7,tavg,2022,10,7.81
202211,27.6,tavg,2022,11,-4.89
202212,21.2,tavg,2022,12,-4.95
202301,28.5,tavg,2023,1,1.2
202302,27.2,tavg,2023,2,-2.44
202303,30.9,tavg,2023,3,-3.56
202304,37.7,tavg,2023,4,-2.61
202305,53.8,tavg,2023,5,5.56
202306,56.9,tavg,2023,6,3.01
202307,63.9,tavg,2023,7,2.11
202308,64,tavg,2023,8,2.25
202309,54,tavg,2023,9,-0.58
202310,44.7,tavg,2023,10,1.81
202311,32.7,tavg,2023,11,0.21
202312,31,tavg,2023,12,4.85
202401,24.3,tavg,2024,1,-3
202402,31,tavg,2024,2,1.36
202403,35.3,tavg,2024,3,0.84
202404,39.8,tavg,2024,4,-0.51
202405,46.3,tavg,2024,5,-1.94
202406,53.9,tavg,2024,6,0.01
202407,66.6,tavg,2024,7,4.81
202408,61.9,tavg,2024,8,0.15
202409,58.1,tavg,2024,9,3.52
202410,43.6,tavg,2024,10,0.71
202411,32.5,tavg,2024,11,0.01
202412,29.4,tavg,2024,12,3.25
202501,27.1,tavg,2025,1,-0.2
202502,24.7,tavg,2025,2,-4.94
202503,35.6,tavg,2025,3,1.14
202504,42.2,tavg,2025,4,1.89
202505,48.7,tavg,2025,5,0.46
202506,57.7,tavg,2025,6,3.81
202507,64.4,tavg,2025,7,2.61
202508,64.9,tavg,2025,8,3.15
202509,60.4,tavg,2025,9,5.82
202510,41.6,tavg,2025,10,-1.29
202511,35.8,tavg,2025,11,3.31
202512,32.3,tavg,2025,12,6.15
202601,30.1,tavg,2026,1,2.8
202602,31.5,tavg,2026,2,1.86
202603,36.4,tavg,2026,3,1.94
202604,42.8,tavg,2026,4,2.49
202605,52.1,tavg,2026,5,3.86
202606,55.8,tavg,2026,6,1.91
202607,63.9,tavg,2026,7,2.11
189501,8.36,pcp,1895,1,2.65
189502,1.99,pcp,1895,2,-2.1
189503,2.24,pcp,1895,3,-1.67
189504,1.76,pcp,1895,4,-0.64
189505,2.09,pcp,1895,5,0.12
189506,0.36,pcp,1895,6,-1.12
189507,0.34,pcp,1895,7,-0.33
189508,0.1,pcp,1895,8,-0.57
189509,2.33,pcp,1895,9,1.08
189510,0.08,pcp,1895,10,-3.34
189511,2.1,pcp,1895,11,-3.44
189512,8.94,pcp,1895,12,2.79
189601,8.64,pcp,1896,1,2.93
189602,3.09,pcp,1896,2,-1
189603,2.81,pcp,1896,3,-1.1
189604,3.28,pcp,1896,4,0.88
189605,2.71,pcp,1896,5,0.74
189606,0.7,pcp,1896,6,-0.78
189607,0.23,pcp,1896,7,-0.44
189608,0.59,pcp,1896,8,-0.08
189609,1.18,pcp,1896,9,-0.07
189610,2.01,pcp,1896,10,-1.41
189611,11.62,pcp,1896,11,6.08
189612,6.28,pcp,1896,12,0.13
189701,6.94,pcp,1897,1,1.23
189702,7.2,pcp,1897,2,3.11
189703,3.95,pcp,1897,3,0.04
189704,1.14,pcp,1897,4,-1.26
189705,1.41,pcp,1897,5,-0.56
189706,2.11,pcp,1897,6,0.63
189707,1.21,pcp,1897,7,0.54
189708,0.26,pcp,1897,8,-0.41
189709,0.99,pcp,1897,9,-0.26
189710,2.37,pcp,1897,10,-1.05
189711,12.28,pcp,1897,11,6.74
189712,9.51,pcp,1897,12,3.36
189801,1.94,pcp,1898,1,-3.77
189802,4.58,pcp,1898,2,0.49
189803,1.09,pcp,1898,3,-2.82
189804,0.7,pcp,1898,4,-1.7
189805,1.01,pcp,1898,5,-0.96
189806,2.21,pcp,1898,6,0.73
189807,0.41,pcp,1898,7,-0.26
189808,0.45,pcp,1898,8,-0.22
189809,1.62,pcp,1898,9,0.37
189810,1.74,pcp,1898,10,-1.68
189811,5.06,pcp,1898,11,-0.48
189812,3.67,pcp,1898,12,-2.48
189901,8.41,pcp,1899,1,2.7
189902,7.73,pcp,1899,2,3.64
189903,2.18,pcp,1899,3,-1.73
189904,2.49,pcp,1899,4,0.09
189905,1.75,pcp,1899,5,-0.22
189906,1.2,pcp,1899,6,-0.28
189907,0.34,pcp,1899,7,-0.33
189908,2.23,pcp,1899,8,1.56
189909,1.18,pcp,1899,9,-0.07
189910,3.8,pcp,1899,10,0.38
189911,9.07,pcp,1899,11,3.53
189912,4.99,pcp,1899,12,-1.16
190001,4.54,pcp,1900,1,-1.17
190002,3.76,pcp,1900,2,-0.33
190003,4.25,pcp,1900,3,0.34
190004,2.21,pcp,1900,4,-0.19
190005,2.15,pcp,1900,5,0.18
190006,1.47,pcp,1900,6,-0.01
190007,0.34,pcp,1900,7,-0.33
190008,1.16,pcp,1900,8,0.49
190009,2.19,pcp,1900,9,0.94
190010,5.55,pcp,1900,10,2.13
190011,5.09,pcp,1900,11,-0.45
190012,7.09,pcp,1900,12,0.94
190101,7.98,pcp,1901,1,2.27
190102,6.6,pcp,1901,2,2.5
190103,2.28,pcp,1901,3,-1.63
190104,2.08,pcp,1901,4,-0.32
190105,1.86,pcp,1901,5,-0.11
190106,1.38,pcp,1901,6,-0.1
190107,0.25,pcp,1901,7,-0.42
190108,0.17,pcp,1901,8,-0.5
190109,2.54,pcp,1901,9,1.29
190110,1.08,pcp,1901,10,-2.34
190111,7.85,pcp,1901,11,2.31
190112,3.93,pcp,1901,12,-2.22
190201,4.51,pcp,1902,1,-1.2
190202,10.18,pcp,1902,2,6.08
190203,3,pcp,1902,3,-0.91
190204,4.76,pcp,1902,4,2.36
190205,2.13,pcp,1902,5,0.16
190206,0.56,pcp,1902,6,-0.92
190207,1.62,pcp,1902,7,0.95
190208,0.39,pcp,1902,8,-0.28
190209,0.94,pcp,1902,9,-0.31
190210,1.72,pcp,1902,10,-1.7
190211,8.44,pcp,1902,11,2.9
190212,9.64,pcp,1902,12,3.49
190301,7.23,pcp,1903,1,1.52
190302,2.02,pcp,1903,2,-2.07
190303,2.85,pcp,1903,3,-1.06
190304,1.7,pcp,1903,4,-0.7
190305,0.92,pcp,1903,5,-1.05
190306,1.83,pcp,1903,6,0.35
190307,0.81,pcp,1903,7,0.14
190308,1.42,pcp,1903,8,0.75
190309,2.27,pcp,1903,9,1.02
190310,2.52,pcp,1903,10,-0.9
190311,11.78,pcp,1903,11,6.24
190312,3.16,pcp,1903,12,-2.99
190401,4.92,pcp,1904,1,-0.79
190402,9.1,pcp,1904,2,5
190403,8.87,pcp,1904,3,4.96
190404,2.89,pcp,1904,4,0.49
190405,0.37,pcp,1904,5,-1.6
190406,1.28,pcp,1904,6,-0.2
190407,0.76,pcp,1904,7,0.09
190408,0.47,pcp,1904,8,-0.2
190409,0.54,pcp,1904,9,-0.71
190410,2.89,pcp,1904,10,-0.53
190411,5.44,pcp,1904,11,-0.1
190412,5.61,pcp,1904,12,-0.54
190501,6.73,pcp,1905,1,1.02
190502,2.2,pcp,1905,2,-1.89
190503,4,pcp,1905,3,0.09
190504,0.95,pcp,1905,4,-1.45
190505,2.21,pcp,1905,5,0.24
190506,4.11,pcp,1905,6,2.63
190507,0.58,pcp,1905,7,-0.09
190508,0.47,pcp,1905,8,-0.2
190509,2.1,pcp,1905,9,0.85
190510,4.98,pcp,1905,10,1.56
190511,3.14,pcp,1905,11,-2.4
190512,4.16,pcp,1905,12,-1.99
190601,5.15,pcp,1906,1,-0.56
190602,4.16,pcp,1906,2,0.07
190603,3.09,pcp,1906,3,-0.82
190604,0.52,pcp,1906,4,-1.88
190605,3.84,pcp,1906,5,1.87
190606,2.42,pcp,1906,6,0.94
190607,0.3,pcp,1906,7,-0.37
190608,0.4,pcp,1906,8,-0.27
190609,1.36,pcp,1906,9,0.11
190610,2.33,pcp,1906,10,-1.09
190611,11.63,pcp,1906,11,6.09
190612,8.32,pcp,1906,12,2.17
190701,5.61,pcp,1907,1,-0.1
190702,4.79,pcp,1907,2,0.7
190703,3.06,pcp,1907,3,-0.85
190704,2.72,pcp,1907,4,0.32
190705,1.33,pcp,1907,5,-0.64
190706,1.45,pcp,1907,6,-0.03
190707,0.75,pcp,1907,7,0.08
190708,0.9,pcp,1907,8,0.23
190709,1.98,pcp,1907,9,0.73
190710,0.68,pcp,1907,10,-2.74
190711,4.67,pcp,1907,11,-0.87
190712,7.62,pcp,1907,12,1.47
190801,4.01,pcp,1908,1,-1.7
190802,3.27,pcp,1908,2,-0.82
190803,4.63,pcp,1908,3,0.72
190804,2.11,pcp,1908,4,-0.29
190805,2.11,pcp,1908,5,0.14
190806,0.67,pcp,1908,6,-0.81
190807,1.81,pcp,1908,7,1.14
190808,0.75,pcp,1908,8,0.08
190809,0.2,pcp,1908,9,-1.05
190810,3.33,pcp,1908,10,-0.09
190811,2.81,pcp,1908,11,-2.73
190812,3.48,pcp,1908,12,-2.67
190901,6.79,pcp,1909,1,1.08
190902,5.15,pcp,1909,2,1.06
190903,1.9,pcp,1909,3,-2.01
190904,0.91,pcp,1909,4,-1.49
190905,1.4,pcp,1909,5,-0.57
190906,0.86,pcp,1909,6,-0.62
190907,1.44,pcp,1909,7,0.77
190908,0.11,pcp,1909,8,-0.56
190909,1.9,pcp,1909,9,0.65
190910,2.36,pcp,1909,10,-1.06
190911,13.11,pcp,1909,11,7.57
190912,4.81,pcp,1909,12,-1.34
191001,5.64,pcp,1910,1,-0.07
191002,6.09,pcp,1910,2,2
191003,4.09,pcp,1910,3,0.18
191004,1.59,pcp,1910,4,-0.81
191005,1.5,pcp,1910,5,-0.47
191006,0.99,pcp,1910,6,-0.49
191007,0.1,pcp,1910,7,-0.57
191008,0.55,pcp,1910,8,-0.12
191009,1.05,pcp,1910,9,-0.2
191010,3.27,pcp,1910,10,-0.15
191011,9.77,pcp,1910,11,4.23
191012,3.98,pcp,1910,12,-2.17
191101,4.76,pcp,1911,1,-0.95
191102,2.74,pcp,1911,2,-1.35
191103,1.41,pcp,1911,3,-2.5
191104,0.62,pcp,1911,4,-1.78
191105,4.11,pcp,1911,5,2.14
191106,1.17,pcp,1911,6,-0.31
191107,0.15,pcp,1911,7,-0.52
191108,0.75,pcp,1911,8,0.08
191109,3.74,pcp,1911,9,2.49
191110,0.59,pcp,1911,10,-2.83
191111,6.27,pcp,1911,11,0.73
191112,4.2,pcp,1911,12,-1.95
191201,8.4,pcp,1912,1,2.69
191202,3.84,pcp,1912,2,-0.25
191203,1.79,pcp,1912,3,-2.12
191204,3.02,pcp,1912,4,0.62
191205,2.25,pcp,1912,5,0.28
191206,1.62,pcp,1912,6,0.14
191207,0.85,pcp,1912,7,0.18
191208,2.49,pcp,1912,8,1.82
191209,0.72,pcp,1912,9,-0.53
191210,3.74,pcp,1912,10,0.32
191211,4.98,pcp,1912,11,-0.56
191212,6.76,pcp,1912,12,0.61
191301,6.69,pcp,1913,1,0.98
191302,1.85,pcp,1913,2,-2.24
191303,2.24,pcp,1913,3,-1.67
191304,1.49,pcp,1913,4,-0.91
191305,2.31,pcp,1913,5,0.34
191306,2.4,pcp,1913,6,0.92
191307,0.45,pcp,1913,7,-0.22
191308,0.31,pcp,1913,8,-0.36
191309,1.38,pcp,1913,9,0.13
191310,3.04,pcp,1913,10,-0.38
191311,5.75,pcp,1913,11,0.21
191312,2.47,pcp,1913,12,-3.68
191401,10.36,pcp,1914,1,4.65
191402,3.37,pcp,1914,2,-0.72
191403,2.18,pcp,1914,3,-1.73
191404,2.38,pcp,1914,4,-0.02
191405,0.86,pcp,1914,5,-1.11
191406,1.79,pcp,1914,6,0.31
191407,0.34,pcp,1914,7,-0.33
191408,0.06,pcp,1914,8,-0.61
191409,3.18,pcp,1914,9,1.93
191410,3.36,pcp,1914,10,-0.06
191411,5.29,pcp,1914,11,-0.25
191412,2.34,pcp,1914,12,-3.81
191501,3.28,pcp,1915,1,-2.43
191502,3.86,pcp,1915,2,-0.23
191503,2.5,pcp,1915,3,-1.41
191504,1.92,pcp,1915,4,-0.48
191505,3.45,pcp,1915,5,1.48
191506,0.69,pcp,1915,6,-0.79
191507,1.63,pcp,1915,7,0.96
191508,0.06,pcp,1915,8,-0.61
191509,0.59,pcp,1915,9,-0.66
191510,3.45,pcp,1915,10,0.03
191511,9.22,pcp,1915,11,3.68
191512,8.07,pcp,1915,12,1.92
191601,4.55,pcp,1916,1,-1.16
191602,7.99,pcp,1916,2,3.9
191603,7.47,pcp,1916,3,3.56
191604,1.7,pcp,1916,4,-0.7
191605,1.38,pcp,1916,5,-0.59
191606,2.42,pcp,1916,6,0.94
191607,1.85,pcp,1916,7,1.18
191608,0.3,pcp,1916,8,-0.37
191609,0.64,pcp,1916,9,-0.61
191610,1.29,pcp,1916,10,-2.13
191611,4.16,pcp,1916,11,-1.38
191612,4.02,pcp,1916,12,-2.13
191701,3.32,pcp,1917,1,-2.39
191702,3.12,pcp,1917,2,-0.97
191703,5.35,pcp,1917,3,1.44
191704,4.1,pcp,1917,4,1.7
191705,1.17,pcp,1917,5,-0.8
191706,1.33,pcp,1917,6,-0.15
191707,0.21,pcp,1917,7,-0.46
191708,0.05,pcp,1917,8,-0.62
191709,0.91,pcp,1917,9,-0.34
191710,0.44,pcp,1917,10,-2.98
191711,3.66,pcp,1917,11,-1.88
191712,16.26,pcp,1917,12,10.11
191801,5.52,pcp,1918,1,-0.19
191802,4.77,pcp,1918,2,0.67
191803,2.48,pcp,1918,3,-1.43
191804,0.55,pcp,1918,4,-1.85
191805,1.77,pcp,1918,5,-0.2
191806,0.35,pcp,1918,6,-1.13
191807,1.76,pcp,1918,7,1.09
191808,1.42,pcp,1918,8,0.75
191809,0.58,pcp,1918,9,-0.67
191810,5.29,pcp,1918,10,1.87
191811,3.9,pcp,1918,11,-1.64
191812,5.52,pcp,1918,12,-0.63
191901,9.46,pcp,1919,1,3.75
191902,5.78,pcp,1919,2,1.69
191903,4.03,pcp,1919,3,0.12
191904,1.63,pcp,1919,4,-0.77
191905,1.26,pcp,1919,5,-0.71
191906,0.5,pcp,1919,6,-0.98
191907,0.3,pcp,1919,7,-0.37
191908,0.47,pcp,1919,8,-0.2
191909,1.89,pcp,1919,9,0.64
191910,1.7,pcp,1919,10,-1.72
191911,4.41,pcp,1919,11,-1.13
191912,4.39,pcp,1919,12,-1.76
192001,5.19,pcp,1920,1,-0.52
192002,0.82,pcp,1920,2,-3.28
192003,2.85,pcp,1920,3,-1.06
192004,2.55,pcp,1920,4,0.15
192005,0.91,pcp,1920,5,-1.06
192006,1.28,pcp,1920,6,-0.2
192007,1.42,pcp,1920,7,0.75
192008,1.7,pcp,1920,8,1.03
192009,3.27,pcp,1920,9,2.02
192010,3.93,pcp,1920,10,0.51
192011,5.53,pcp,1920,11,-0.01
192012,8.05,pcp,1920,12,1.9
192101,8.9,pcp,1921,1,3.19
192102,4.83,pcp,1921,2,0.74
192103,5.23,pcp,1921,3,1.32
192104,2.44,pcp,1921,4,0.04
192105,1.93,pcp,1921,5,-0.04
192106,0.99,pcp,1921,6,-0.49
192107,0.23,pcp,1921,7,-0.44
192108,0.24,pcp,1921,8,-0.43
192109,2.14,pcp,1921,9,0.89
192110,2.9,pcp,1921,10,-0.52
192111,9.72,pcp,1921,11,4.18
192112,5.64,pcp,1921,12,-0.51
192201,2.02,pcp,1922,1,-3.69
192202,2.31,pcp,1922,2,-1.78
192203,4.15,pcp,1922,3,0.24
192204,1.52,pcp,1922,4,-0.88
192205,0.9,pcp,1922,5,-1.07
192206,0.11,pcp,1922,6,-1.37
192207,0.05,pcp,1922,7,-0.62
192208,1.78,pcp,1922,8,1.11
192209,1.31,pcp,1922,9,0.06
192210,2.87,pcp,1922,10,-0.55
192211,2.24,pcp,1922,11,-3.3
192212,7.69,pcp,1922,12,1.54
192301,9.81,pcp,1923,1,4.1
192302,1.96,pcp,1923,2,-2.13
192303,2.78,pcp,1923,3,-1.13
192304,2.42,pcp,1923,4,0.02
192305,1.55,pcp,1923,5,-0.42
192306,1.85,pcp,1923,6,0.37
192307,1.77,pcp,1923,7,1.1
192308,1.65,pcp,1923,8,0.98
192309,0.95,pcp,1923,9,-0.3
192310,3.18,pcp,1923,10,-0.24
192311,3.67,pcp,1923,11,-1.87
192312,8.04,pcp,1923,12,1.89
192401,4.41,pcp,1924,1,-1.3
192402,5.03,pcp,1924,2,0.94
192403,1.06,pcp,1924,3,-2.85
192404,0.78,pcp,1924,4,-1.62
192405,0.19,pcp,1924,5,-1.78
192406,0.94,pcp,1924,6,-0.54
192407,0.28,pcp,1924,7,-0.39
192408,0.63,pcp,1924,8,-0.04
192409,1.39,pcp,1924,9,0.14
192410,3.24,pcp,1924,10,-0.18
192411,7.15,pcp,1924,11,1.61
192412,4.4,pcp,1924,12,-1.75
192501,8.02,pcp,1925,1,2.31
192502,5.33,pcp,1925,2,1.24
192503,1.53,pcp,1925,3,-2.38
192504,1.77,pcp,1925,4,-0.63
192505,1.74,pcp,1925,5,-0.23
192506,0.85,pcp,1925,6,-0.63
192507,0.08,pcp,1925,7,-0.59
192508,0.19,pcp,1925,8,-0.48
192509,1.43,pcp,1925,9,0.18
192510,1.92,pcp,1925,10,-1.5
192511,3.54,pcp,1925,11,-2
192512,4.77,pcp,1925,12,-1.38
192601,3.36,pcp,1926,1,-2.35
192602,5.96,pcp,1926,2,1.87
192603,0.84,pcp,1926,3,-3.07
192604,1.23,pcp,1926,4,-1.17
192605,1.29,pcp,1926,5,-0.68
192606,0.45,pcp,1926,6,-1.03
192607,0.08,pcp,1926,7,-0.59
192608,1.12,pcp,1926,8,0.45
192609,2.59,pcp,1926,9,1.34
192610,3.4,pcp,1926,10,-0.02
192611,7.23,pcp,1926,11,1.69
192612,4.8,pcp,1926,12,-1.35
192701,5.15,pcp,1927,1,-0.56
192702,6.63,pcp,1927,2,2.54
192703,2.34,pcp,1927,3,-1.57
192704,1.43,pcp,1927,4,-0.97
192705,2.26,pcp,1927,5,0.29
192706,1.04,pcp,1927,6,-0.44
192707,0.34,pcp,1927,7,-0.33
192708,1.4,pcp,1927,8,0.73
192709,3.06,pcp,1927,9,1.81
192710,3.85,pcp,1927,10,0.43
192711,9.48,pcp,1927,11,3.94
192712,4.14,pcp,1927,12,-2.01
192801,5.72,pcp,1928,1,0.01
192802,0.9,pcp,1928,2,-3.19
192803,4.72,pcp,1928,3,0.81
192804,3.42,pcp,1928,4,1.02
192805,0.5,pcp,1928,5,-1.47
192806,1.63,pcp,1928,6,0.15
192807,0.69,pcp,1928,7,0.02
192808,0.36,pcp,1928,8,-0.31
192809,0.4,pcp,1928,9,-0.85
192810,2.69,pcp,1928,10,-0.73
192811,3.03,pcp,1928,11,-2.51
192812,5.13,pcp,1928,12,-1.02
192901,3.5,pcp,1929,1,-2.21
192902,1.28,pcp,1929,2,-2.81
192903,2.54,pcp,1929,3,-1.37
192904,1.89,pcp,1929,4,-0.51
192905,1.58,pcp,1929,5,-0.39
192906,2.09,pcp,1929,6,0.61
192907,0.05,pcp,1929,7,-0.62
192908,0.18,pcp,1929,8,-0.49
192909,0.43,pcp,1929,9,-0.82
192910,0.79,pcp,1929,10,-2.63
192911,0.44,pcp,1929,11,-5.1
192912,6.77,pcp,1929,12,0.62
193001,2.35,pcp,1930,1,-3.36
193002,6.29,pcp,1930,2,2.2
193003,2.76,pcp,1930,3,-1.15
193004,1.43,pcp,1930,4,-0.97
193005,1.3,pcp,1930,5,-0.67
193006,1.56,pcp,1930,6,0.08
193007,0.07,pcp,1930,7,-0.6
193008,0.29,pcp,1930,8,-0.38
193009,0.99,pcp,1930,9,-0.26
193010,2,pcp,1930,10,-1.42
193011,2.88,pcp,1930,11,-2.66
193012,1.29,pcp,1930,12,-4.86
193101,5.35,pcp,1931,1,-0.36
193102,2.3,pcp,1931,2,-1.79
193103,5.51,pcp,1931,3,1.6
193104,1.15,pcp,1931,4,-1.25
193105,1.19,pcp,1931,5,-0.78
193106,2.97,pcp,1931,6,1.49
193107,0.12,pcp,1931,7,-0.55
193108,0.11,pcp,1931,8,-0.56
193109,1.49,pcp,1931,9,0.24
193110,2.57,pcp,1931,10,-0.85
193111,4.39,pcp,1931,11,-1.15
193112,6.45,pcp,1931,12,0.3
193201,5.36,pcp,1932,1,-0.35
193202,4.93,pcp,1932,2,0.84
193203,7.13,pcp,1932,3,3.22
193204,2.01,pcp,1932,4,-0.39
193205,1.32,pcp,1932,5,-0.65
193206,0.31,pcp,1932,6,-1.17
193207,0.73,pcp,1932,7,0.06
193208,0.44,pcp,1932,8,-0.23
193209,0.52,pcp,1932,9,-0.73
193210,2.34,pcp,1932,10,-1.08
193211,9.46,pcp,1932,11,3.92
193212,5.5,pcp,1932,12,-0.65
193301,6.34,pcp,1933,1,0.63
193302,3.43,pcp,1933,2,-0.66
193303,4.55,pcp,1933,3,0.64
193304,0.74,pcp,1933,4,-1.66
193305,2.48,pcp,1933,5,0.51
193306,1.36,pcp,1933,6,-0.12
193307,0.28,pcp,1933,7,-0.39
193308,0.75,pcp,1933,8,0.08
193309,3.08,pcp,1933,9,1.83
193310,5.36,pcp,1933,10,1.94
193311,3.38,pcp,1933,11,-2.16
193312,19.53,pcp,1933,12,13.38
193401,7.9,pcp,1934,1,2.19
193402,1.18,pcp,1934,2,-2.92
193403,4.69,pcp,1934,3,0.78
193404,1.11,pcp,1934,4,-1.29
193405,1.08,pcp,1934,5,-0.89
193406,0.54,pcp,1934,6,-0.94
193407,0.29,pcp,1934,7,-0.38
193408,0.51,pcp,1934,8,-0.16
193409,1.48,pcp,1934,9,0.23
193410,6.67,pcp,1934,10,3.25
193411,8,pcp,1934,11,2.46
193412,6.86,pcp,1934,12,0.71
193501,7.17,pcp,1935,1,1.46
193502,1.67,pcp,1935,2,-2.42
193503,4.24,pcp,1935,3,0.33
193504,0.88,pcp,1935,4,-1.52
193505,0.58,pcp,1935,5,-1.39
193506,1.13,pcp,1935,6,-0.35
193507,0.69,pcp,1935,7,0.02
193508,0.39,pcp,1935,8,-0.28
193509,0.88,pcp,1935,9,-0.37
193510,1.42,pcp,1935,10,-2
193511,1.99,pcp,1935,11,-3.55
193512,3.59,pcp,1935,12,-2.56
193601,8.09,pcp,1936,1,2.38
193602,5.33,pcp,1936,2,1.24
193603,4.26,pcp,1936,3,0.35
193604,1.06,pcp,1936,4,-1.34
193605,2.12,pcp,1936,5,0.15
193606,4.3,pcp,1936,6,2.82
193607,0.43,pcp,1936,7,-0.24
193608,0.33,pcp,1936,8,-0.34
193609,0.86,pcp,1936,9,-0.39
193610,0.49,pcp,1936,10,-2.93
193611,0.37,pcp,1936,11,-5.17
193612,6.58,pcp,1936,12,0.43
193701,3.39,pcp,1937,1,-2.32
193702,6.57,pcp,1937,2,2.48
193703,3.68,pcp,1937,3,-0.23
193704,4.89,pcp,1937,4,2.49
193705,0.85,pcp,1937,5,-1.12
193706,5.61,pcp,1937,6,4.13
193707,0.36,pcp,1937,7,-0.31
193708,0.81,pcp,1937,8,0.14
193709,1.94,pcp,1937,9,0.69
193710,1.96,pcp,1937,10,-1.46
193711,9.26,pcp,1937,11,3.72
193712,8.69,pcp,1937,12,2.54
193801,3.51,pcp,1938,1,-2.2
193802,4.91,pcp,1938,2,0.82
193803,5.36,pcp,1938,3,1.45
193804,1.55,pcp,1938,4,-0.85
193805,0.53,pcp,1938,5,-1.44
193806,0.82,pcp,1938,6,-0.66
193807,0.58,pcp,1938,7,-0.09
193808,0.26,pcp,1938,8,-0.41
193809,0.74,pcp,1938,9,-0.51
193810,2.86,pcp,1938,10,-0.56
193811,4.32,pcp,1938,11,-1.22
193812,4.73,pcp,1938,12,-1.42
193901,4.25,pcp,1939,1,-1.46
193902,4.71,pcp,1939,2,0.62
193903,2.25,pcp,1939,3,-1.66
193904,0.48,pcp,1939,4,-1.92
193905,1.55,pcp,1939,5,-0.42
193906,0.88,pcp,1939,6,-0.6
193907,0.36,pcp,1939,7,-0.31
193908,0.39,pcp,1939,8,-0.28
193909,0.77,pcp,1939,9,-0.48
193910,1.87,pcp,1939,10,-1.55
193911,2.05,pcp,1939,11,-3.49
193912,8.05,pcp,1939,12,1.9
194001,3.09,pcp,1940,1,-2.62
194002,7.58,pcp,1940,2,3.49
194003,3.42,pcp,1940,3,-0.49
194004,2.91,pcp,1940,4,0.51
194005,1.5,pcp,1940,5,-0.47
194006,0.21,pcp,1940,6,-1.27
194007,0.88,pcp,1940,7,0.21
194008,0.16,pcp,1940,8,-0.51
194009,2.15,pcp,1940,9,0.9
194010,4.34,pcp,1940,10,0.92
194011,4.91,pcp,1940,11,-0.63
194012,5.02,pcp,1940,12,-1.13
194101,4.05,pcp,1941,1,-1.66
194102,1.85,pcp,1941,2,-2.24
194103,1.7,pcp,1941,3,-2.21
194104,3.35,pcp,1941,4,0.95
194105,2.89,pcp,1941,5,0.92
194106,1.6,pcp,1941,6,0.12
194107,0.54,pcp,1941,7,-0.13
194108,2.16,pcp,1941,8,1.49
194109,2.72,pcp,1941,9,1.47
194110,2.22,pcp,1941,10,-1.2
194111,5.15,pcp,1941,11,-0.39
194112,7.74,pcp,1941,12,1.59
194201,2.94,pcp,1942,1,-2.77
194202,3.22,pcp,1942,2,-0.87
194203,1.52,pcp,1942,3,-2.39
194204,1.63,pcp,1942,4,-0.77
194205,3.27,pcp,1942,5,1.3
194206,1.82,pcp,1942,6,0.34
194207,1.07,pcp,1942,7,0.4
194208,0.46,pcp,1942,8,-0.21
194209,0.06,pcp,1942,9,-1.19
194210,2.26,pcp,1942,10,-1.16
194211,10.04,pcp,1942,11,4.5
194212,7.53,pcp,1942,12,1.38
194301,4.21,pcp,1943,1,-1.5
194302,4.11,pcp,1943,2,0.02
194303,4.71,pcp,1943,3,0.8
194304,2.75,pcp,1943,4,0.35
194305,1.59,pcp,1943,5,-0.38
194306,1.98,pcp,1943,6,0.5
194307,0.29,pcp,1943,7,-0.38
194308,0.65,pcp,1943,8,-0.02
194309,0.15,pcp,1943,9,-1.1
194310,4.06,pcp,1943,10,0.64
194311,2.42,pcp,1943,11,-3.12
194312,2.77,pcp,1943,12,-3.38
194401,2.61,pcp,1944,1,-3.1
194402,3.64,pcp,1944,2,-0.45
194403,2.32,pcp,1944,3,-1.59
194404,2.67,pcp,1944,4,0.27
194405,1.29,pcp,1944,5,-0.68
194406,2.28,pcp,1944,6,0.8
194407,0.3,pcp,1944,7,-0.37
194408,0.24,pcp,1944,8,-0.43
194409,2.12,pcp,1944,9,0.87
194410,0.79,pcp,1944,10,-2.63
194411,5.23,pcp,1944,11,-0.31
194412,1.98,pcp,1944,12,-4.17
194501,4.78,pcp,1945,1,-0.93
194502,6.24,pcp,1945,2,2.15
194503,4.04,pcp,1945,3,0.13
194504,2.1,pcp,1945,4,-0.3
194505,2.88,pcp,1945,5,0.91
194506,0.63,pcp,1945,6,-0.85
194507,0.08,pcp,1945,7,-0.59
194508,0.37,pcp,1945,8,-0.3
194509,1.83,pcp,1945,9,0.58
194510,2.78,pcp,1945,10,-0.64
194511,6.67,pcp,1945,11,1.13
194512,7.71,pcp,1945,12,1.56
194601,6.86,pcp,1946,1,1.15
194602,4.69,pcp,1946,2,0.6
194603,3.77,pcp,1946,3,-0.14
194604,1.3,pcp,1946,4,-1.1
194605,1.17,pcp,1946,5,-0.8
194606,2.8,pcp,1946,6,1.32
194607,0.38,pcp,1946,7,-0.29
194608,0.48,pcp,1946,8,-0.19
194609,1.15,pcp,1946,9,-0.1
194610,3.73,pcp,1946,10,0.31
194611,6.98,pcp,1946,11,1.44
194612,6.74,pcp,1946,12,0.59
194701,5.64,pcp,1947,1,-0.07
194702,3.67,pcp,1947,2,-0.42
194703,2.42,pcp,1947,3,-1.49
194704,1.47,pcp,1947,4,-0.93
194705,0.3,pcp,1947,5,-1.67
194706,3,pcp,1947,6,1.52
194707,1.06,pcp,1947,7,0.39
194708,0.44,pcp,1947,8,-0.23
194709,1.67,pcp,1947,9,0.42
194710,7.74,pcp,1947,10,4.32
194711,3.23,pcp,1947,11,-2.31
194712,3.61,pcp,1947,12,-2.54
194801,5.37,pcp,1948,1,-0.34
194802,6.89,pcp,1948,2,2.8
194803,2.69,pcp,1948,3,-1.22
194804,3.14,pcp,1948,4,0.74
194805,6.15,pcp,1948,5,4.18
194806,4.34,pcp,1948,6,2.86
194807,1.53,pcp,1948,7,0.86
194808,1.62,pcp,1948,8,0.95
194809,2.14,pcp,1948,9,0.89
194810,1.86,pcp,1948,10,-1.56
194811,7.38,pcp,1948,11,1.84
194812,8.77,pcp,1948,12,2.62
194901,1.38,pcp,1949,1,-4.33
194902,10.18,pcp,1949,2,6.08
194903,2.93,pcp,1949,3,-0.98
194904,0.74,pcp,1949,4,-1.66
194905,0.97,pcp,1949,5,-1
194906,0.42,pcp,1949,6,-1.06
194907,0.39,pcp,1949,7,-0.28
194908,0.49,pcp,1949,8,-0.18
194909,1.53,pcp,1949,9,0.28
194910,2.48,pcp,1949,10,-0.94
194911,8.74,pcp,1949,11,3.2
194912,6.11,pcp,1949,12,-0.04
195001,8.27,pcp,1950,1,2.56
195002,5.69,pcp,1950,2,1.6
195003,5.97,pcp,1950,3,2.06
195004,2.37,pcp,1950,4,-0.03
195005,0.8,pcp,1950,5,-1.17
195006,2.21,pcp,1950,6,0.73
195007,0.59,pcp,1950,7,-0.08
195008,0.62,pcp,1950,8,-0.05
195009,0.73,pcp,1950,9,-0.52
195010,7.29,pcp,1950,10,3.87
195011,9,pcp,1950,11,3.46
195012,6,pcp,1950,12,-0.15
195101,8.8,pcp,1951,1,3.09
195102,6.48,pcp,1951,2,2.39
195103,4.97,pcp,1951,3,1.06
195104,0.45,pcp,1951,4,-1.95
195105,2.85,pcp,1951,5,0.88
195106,1.37,pcp,1951,6,-0.11
195107,0.52,pcp,1951,7,-0.15
195108,1.74,pcp,1951,8,1.07
195109,1.39,pcp,1951,9,0.14
195110,5.14,pcp,1951,10,1.72
195111,5.9,pcp,1951,11,0.36
195112,5.84,pcp,1951,12,-0.31
195201,5.12,pcp,1952,1,-0.59
195202,3.33,pcp,1952,2,-0.76
195203,1.5,pcp,1952,3,-2.41
195204,0.88,pcp,1952,4,-1.52
195205,1.07,pcp,1952,5,-0.9
195206,2.35,pcp,1952,6,0.87
195207,0.26,pcp,1952,7,-0.41
195208,0.41,pcp,1952,8,-0.26
195209,0.52,pcp,1952,9,-0.73
195210,0.33,pcp,1952,10,-3.09
195211,0.92,pcp,1952,11,-4.62
195212,5.53,pcp,1952,12,-0.62
195301,14.6,pcp,1953,1,8.89
195302,3.58,pcp,1953,2,-0.51
195303,1.88,pcp,1953,3,-2.03
195304,2.6,pcp,1953,4,0.2
195305,2.67,pcp,1953,5,0.7
195306,2.04,pcp,1953,6,0.56
195307,0.18,pcp,1953,7,-0.49
195308,1.32,pcp,1953,8,0.65
195309,0.89,pcp,1953,9,-0.36
195310,1.33,pcp,1953,10,-2.09
195311,5.09,pcp,1953,11,-0.45
195312,7.94,pcp,1953,12,1.79
195401,9.88,pcp,1954,1,4.17
195402,4.88,pcp,1954,2,0.79
195403,2.37,pcp,1954,3,-1.54
195404,1.87,pcp,1954,4,-0.53
195405,0.9,pcp,1954,5,-1.07
195406,2.01,pcp,1954,6,0.53
195407,0.81,pcp,1954,7,0.14
195408,1.3,pcp,1954,8,0.63
195409,1.64,pcp,1954,9,0.39
195410,2.08,pcp,1954,10,-1.34
195411,5.58,pcp,1954,11,0.04
195412,4.27,pcp,1954,12,-1.88
195501,2.23,pcp,1955,1,-3.48
195502,4.89,pcp,1955,2,0.79
195503,4.86,pcp,1955,3,0.95
195504,2.87,pcp,1955,4,0.47
195505,1.24,pcp,1955,5,-0.73
195506,0.8,pcp,1955,6,-0.68
195507,1.6,pcp,1955,7,0.93
195508,0.02,pcp,1955,8,-0.65
195509,1.34,pcp,1955,9,0.09
195510,6.03,pcp,1955,10,2.61
195511,9.89,pcp,1955,11,4.35
195512,10.3,pcp,1955,12,4.15
195601,8.1,pcp,1956,1,2.39
195602,3.67,pcp,1956,2,-0.42
195603,5.49,pcp,1956,3,1.58
195604,0.43,pcp,1956,4,-1.97
195605,1.18,pcp,1956,5,-0.79
195606,2.17,pcp,1956,6,0.69
195607,0.48,pcp,1956,7,-0.19
195608,1.54,pcp,1956,8,0.87
195609,1.73,pcp,1956,9,0.48
195610,4.37,pcp,1956,10,0.95
195611,2.14,pcp,1956,11,-3.4
195612,5.75,pcp,1956,12,-0.4
195701,2.89,pcp,1957,1,-2.82
195702,5.18,pcp,1957,2,1.08
195703,6.27,pcp,1957,3,2.36
195704,2.22,pcp,1957,4,-0.18
195705,2.57,pcp,1957,5,0.6
195706,1.26,pcp,1957,6,-0.22
195707,0.46,pcp,1957,7,-0.21
195708,0.79,pcp,1957,8,0.12
195709,0.72,pcp,1957,9,-0.53
195710,3.55,pcp,1957,10,0.13
195711,2.24,pcp,1957,11,-3.3
195712,7.57,pcp,1957,12,1.42
195801,5.98,pcp,1958,1,0.27
195802,5.33,pcp,1958,2,1.24
195803,3.54,pcp,1958,3,-0.37
195804,4.47,pcp,1958,4,2.07
195805,0.65,pcp,1958,5,-1.32
195806,1.6,pcp,1958,6,0.12
195807,0.93,pcp,1958,7,0.26
195808,0.21,pcp,1958,8,-0.46
195809,1.38,pcp,1958,9,0.13
195810,2.95,pcp,1958,10,-0.47
195811,10.58,pcp,1958,11,5.04
195812,5.7,pcp,1958,12,-0.45
195901,8.4,pcp,1959,1,2.69
195902,3.54,pcp,1959,2,-0.55
195903,3.86,pcp,1959,3,-0.05
195904,1.8,pcp,1959,4,-0.6
195905,1.23,pcp,1959,5,-0.74
195906,1.1,pcp,1959,6,-0.38
195907,0.28,pcp,1959,7,-0.39
195908,0.34,pcp,1959,8,-0.33
195909,4.53,pcp,1959,9,3.28
195910,4.54,pcp,1959,10,1.12
195911,5.41,pcp,1959,11,-0.13
195912,3.84,pcp,1959,12,-2.31
196001,2.69,pcp,1960,1,-3.02
196002,5.35,pcp,1960,2,1.25
196003,4.44,pcp,1960,3,0.53
196004,3.25,pcp,1960,4,0.85
196005,2.95,pcp,1960,5,0.98
196006,0.63,pcp,1960,6,-0.85
196007,0.05,pcp,1960,7,-0.62
196008,1.07,pcp,1960,8,0.4
196009,0.53,pcp,1960,9,-0.72
196010,2.27,pcp,1960,10,-1.15
196011,8.12,pcp,1960,11,2.58
196012,2.94,pcp,1960,12,-3.21
196101,5.37,pcp,1961,1,-0.34
196102,8.75,pcp,1961,2,4.66
196103,6.08,pcp,1961,3,2.17
196104,2.44,pcp,1961,4,0.04
196105,2.48,pcp,1961,5,0.51
196106,1.02,pcp,1961,6,-0.46
196107,0.8,pcp,1961,7,0.13
196108,0.87,pcp,1961,8,0.2
196109,1.28,pcp,1961,9,0.03
196110,2.64,pcp,1961,10,-0.78
196111,4.33,pcp,1961,11,-1.21
196112,7.12,pcp,1961,12,0.97
196201,2.7,pcp,1962,1,-3.01
196202,2.79,pcp,1962,2,-1.3
196203,3.32,pcp,1962,3,-0.59
196204,3.22,pcp,1962,4,0.82
196205,2.84,pcp,1962,5,0.87
196206,0.74,pcp,1962,6,-0.74
196207,0.47,pcp,1962,7,-0.2
196208,1.49,pcp,1962,8,0.82
196209,1.43,pcp,1962,9,0.18
196210,3.96,pcp,1962,10,0.54
196211,7.69,pcp,1962,11,2.15
196212,3.47,pcp,1962,12,-2.68
196301,1.36,pcp,1963,1,-4.35
196302,4.74,pcp,1963,2,0.65
196303,3.84,pcp,1963,3,-0.07
196304,4.02,pcp,1963,4,1.62
196305,1.34,pcp,1963,5,-0.63
196306,0.97,pcp,1963,6,-0.51
196307,1.04,pcp,1963,7,0.37
196308,1.16,pcp,1963,8,0.49
196309,0.94,pcp,1963,9,-0.31
196310,2.72,pcp,1963,10,-0.7
196311,5.88,pcp,1963,11,0.34
196312,4.43,pcp,1963,12,-1.72
196401,9.3,pcp,1964,1,3.59
196402,1.45,pcp,1964,2,-2.64
196403,3.3,pcp,1964,3,-0.61
196404,1.53,pcp,1964,4,-0.87
196405,0.69,pcp,1964,5,-1.28
196406,2.16,pcp,1964,6,0.68
196407,0.74,pcp,1964,7,0.07
196408,1.15,pcp,1964,8,0.48
196409,1.24,pcp,1964,9,-0.01
196410,1.58,pcp,1964,10,-1.84
196411,5.52,pcp,1964,11,-0.02
196412,10.16,pcp,1964,12,4.01
196501,7.86,pcp,1965,1,2.15
196502,2.91,pcp,1965,2,-1.18
196503,0.74,pcp,1965,3,-3.17
196504,3.16,pcp,1965,4,0.76
196505,1.25,pcp,1965,5,-0.72
196506,0.79,pcp,1965,6,-0.69
196507,0.73,pcp,1965,7,0.06
196508,1.88,pcp,1965,8,1.21
196509,0.57,pcp,1965,9,-0.68
196510,1.02,pcp,1965,10,-2.4
196511,4.74,pcp,1965,11,-0.8
196512,4.75,pcp,1965,12,-1.4
196601,7.06,pcp,1966,1,1.35
196602,2.34,pcp,1966,2,-1.75
196603,4.09,pcp,1966,3,0.18
196604,0.66,pcp,1966,4,-1.74
196605,0.97,pcp,1966,5,-1
196606,1.49,pcp,1966,6,0.01
196607,1.73,pcp,1966,7,1.06
196608,0.27,pcp,1966,8,-0.4
196609,1.49,pcp,1966,9,0.24
196610,2.69,pcp,1966,10,-0.73
196611,5.57,pcp,1966,11,0.03
196612,6.31,pcp,1966,12,0.16
196701,7.69,pcp,1967,1,1.98
196702,2.91,pcp,1967,2,-1.18
196703,3.87,pcp,1967,3,-0.04
196704,3.38,pcp,1967,4,0.98
196705,0.88,pcp,1967,5,-1.09
196706,1.72,pcp,1967,6,0.24
196707,0.07,pcp,1967,7,-0.6
196708,0.06,pcp,1967,8,-0.61
196709,0.51,pcp,1967,9,-0.74
196710,7.13,pcp,1967,10,3.71
196711,2.97,pcp,1967,11,-2.57
196712,5.9,pcp,1967,12,-0.25
196801,7.03,pcp,1968,1,1.32
196802,6.04,pcp,1968,2,1.95
196803,2.78,pcp,1968,3,-1.13
196804,1.17,pcp,1968,4,-1.23
196805,1.46,pcp,1968,5,-0.51
196806,1.41,pcp,1968,6,-0.07
196807,0.28,pcp,1968,7,-0.39
196808,2.6,pcp,1968,8,1.93
196809,1.31,pcp,1968,9,0.06
196810,3.24,pcp,1968,10,-0.18
196811,6.17,pcp,1968,11,0.63
196812,8.39,pcp,1968,12,2.24
196901,8.12,pcp,1969,1,2.41
196902,3.85,pcp,1969,2,-0.24
196903,1.55,pcp,1969,3,-2.36
196904,2.3,pcp,1969,4,-0.1
196905,1.34,pcp,1969,5,-0.63
196906,1.03,pcp,1969,6,-0.45
196907,0.22,pcp,1969,7,-0.45
196908,0.15,pcp,1969,8,-0.52
196909,2.63,pcp,1969,9,1.38
196910,1.42,pcp,1969,10,-2
196911,1.61,pcp,1969,11,-3.93
196912,6.66,pcp,1969,12,0.51
197001,10.24,pcp,1970,1,4.53
197002,2.48,pcp,1970,2,-1.61
197003,2.25,pcp,1970,3,-1.66
197004,2.6,pcp,1970,4,0.2
197005,0.62,pcp,1970,5,-1.35
197006,0.44,pcp,1970,6,-1.04
197007,0.16,pcp,1970,7,-0.51
197008,0.2,pcp,1970,8,-0.47
197009,1.2,pcp,1970,9,-0.05
197010,2.19,pcp,1970,10,-1.23
197011,6.17,pcp,1970,11,0.63
197012,8.03,pcp,1970,12,1.88
197101,9.11,pcp,1971,1,3.4
197102,3.21,pcp,1971,2,-0.88
197103,6.54,pcp,1971,3,2.63
197104,1.68,pcp,1971,4,-0.72
197105,1.22,pcp,1971,5,-0.75
197106,1.55,pcp,1971,6,0.07
197107,0.32,pcp,1971,7,-0.35
197108,0.35,pcp,1971,8,-0.32
197109,2.14,pcp,1971,9,0.89
197110,2.36,pcp,1971,10,-1.06
197111,4.94,pcp,1971,11,-0.6
197112,8.53,pcp,1971,12,2.38
197201,9.89,pcp,1972,1,4.18
197202,8.56,pcp,1972,2,4.47
197203,6.94,pcp,1972,3,3.03
197204,2.19,pcp,1972,4,-0.21
197205,2.17,pcp,1972,5,0.2
197206,2.74,pcp,1972,6,1.26
197207,0.81,pcp,1972,7,0.14
197208,1.49,pcp,1972,8,0.82
197209,2.7,pcp,1972,9,1.45
197210,0.45,pcp,1972,10,-2.97
197211,3.91,pcp,1972,11,-1.63
197212,7.58,pcp,1972,12,1.43
197301,3.91,pcp,1973,1,-1.8
197302,1.24,pcp,1973,2,-2.85
197303,1.31,pcp,1973,3,-2.6
197304,0.62,pcp,1973,4,-1.78
197305,1.07,pcp,1973,5,-0.9
197306,0.88,pcp,1973,6,-0.6
197307,0.09,pcp,1973,7,-0.58
197308,0.14,pcp,1973,8,-0.53
197309,2.44,pcp,1973,9,1.19
197310,3.59,pcp,1973,10,0.17
197311,9.28,pcp,1973,11,3.74
197312,9.54,pcp,1973,12,3.39
197401,10.5,pcp,1974,1,4.79
197402,4.24,pcp,1974,2,0.15
197403,4.97,pcp,1974,3,1.06
197404,3.32,pcp,1974,4,0.92
197405,1.64,pcp,1974,5,-0.33
197406,1.22,pcp,1974,6,-0.26
197407,1.14,pcp,1974,7,0.47
197408,0.19,pcp,1974,8,-0.48
197409,0.25,pcp,1974,9,-1
197410,0.74,pcp,1974,10,-2.68
197411,4.84,pcp,1974,11,-0.7
197412,7.89,pcp,1974,12,1.74
197501,8.74,pcp,1975,1,3.03
197502,5.79,pcp,1975,2,1.7
197503,3.45,pcp,1975,3,-0.46
197504,2.18,pcp,1975,4,-0.22
197505,1.69,pcp,1975,5,-0.28
197506,0.98,pcp,1975,6,-0.5
197507,0.68,pcp,1975,7,0.01
197508,2.7,pcp,1975,8,2.03
197509,0.04,pcp,1975,9,-1.21
197510,4.93,pcp,1975,10,1.51
197511,6.47,pcp,1975,11,0.93
197512,9.34,pcp,1975,12,3.19
197601,6.38,pcp,1976,1,0.67
197602,5.21,pcp,1976,2,1.12
197603,2.83,pcp,1976,3,-1.08
197604,1.81,pcp,1976,4,-0.59
197605,1.05,pcp,1976,5,-0.92
197606,0.73,pcp,1976,6,-0.75
197607,0.54,pcp,1976,7,-0.13
197608,2.79,pcp,1976,8,2.12
197609,0.27,pcp,1976,9,-0.98
197610,1.05,pcp,1976,10,-2.37
197611,1.34,pcp,1976,11,-4.2
197612,2.17,pcp,1976,12,-3.98
197701,1.36,pcp,1977,1,-4.35
197702,2.74,pcp,1977,2,-1.35
197703,3.73,pcp,1977,3,-0.18
197704,0.66,pcp,1977,4,-1.74
197705,2.4,pcp,1977,5,0.43
197706,1.03,pcp,1977,6,-0.45
197707,0.42,pcp,1977,7,-0.25
197708,1.81,pcp,1977,8,1.14
197709,2.56,pcp,1977,9,1.31
197710,1.73,pcp,1977,10,-1.69
197711,7.51,pcp,1977,11,1.97
197712,11,pcp,1977,12,4.85
197801,5.14,pcp,1978,1,-0.57
197802,3.81,pcp,1978,2,-0.28
197803,2.61,pcp,1978,3,-1.3
197804,3.39,pcp,1978,4,0.99
197805,1.58,pcp,1978,5,-0.39
197806,0.87,pcp,1978,6,-0.61
197807,1.4,pcp,1978,7,0.73
197808,1.61,pcp,1978,8,0.94
197809,2.63,pcp,1978,9,1.38
197810,0.47,pcp,1978,10,-2.95
197811,3.89,pcp,1978,11,-1.65
197812,3.29,pcp,1978,12,-2.86
197901,2.19,pcp,1979,1,-3.52
197902,6.09,pcp,1979,2,2
197903,2.12,pcp,1979,3,-1.79
197904,1.58,pcp,1979,4,-0.82
197905,0.72,pcp,1979,5,-1.25
197906,0.69,pcp,1979,6,-0.79
197907,0.75,pcp,1979,7,0.08
197908,1.35,pcp,1979,8,0.68
197909,1.29,pcp,1979,9,0.04
197910,3.8,pcp,1979,10,0.38
197911,2.79,pcp,1979,11,-2.75
197912,8.25,pcp,1979,12,2.1
198001,6.43,pcp,1980,1,0.72
198002,5.33,pcp,1980,2,1.24
198003,2.58,pcp,1980,3,-1.33
198004,2.35,pcp,1980,4,-0.05
198005,2,pcp,1980,5,0.03
198006,2.32,pcp,1980,6,0.84
198007,0.4,pcp,1980,7,-0.27
198008,0.8,pcp,1980,8,0.13
198009,1.97,pcp,1980,9,0.72
198010,0.67,pcp,1980,10,-2.75
198011,6.33,pcp,1980,11,0.79
198012,9.12,pcp,1980,12,2.97
198101,2.24,pcp,1981,1,-3.47
198102,6.05,pcp,1981,2,1.96
198103,1.25,pcp,1981,3,-2.66
198104,2.33,pcp,1981,4,-0.07
198105,2.7,pcp,1981,5,0.73
198106,2.5,pcp,1981,6,1.02
198107,0.98,pcp,1981,7,0.31
198108,0.35,pcp,1981,8,-0.32
198109,1.91,pcp,1981,9,0.66
198110,3.56,pcp,1981,10,0.14
198111,4.59,pcp,1981,11,-0.95
198112,8.22,pcp,1981,12,2.07
198201,7.46,pcp,1982,1,1.75
198202,6.5,pcp,1982,2,2.41
198203,3.66,pcp,1982,3,-0.25
198204,2.27,pcp,1982,4,-0.13
198205,1.17,pcp,1982,5,-0.8
198206,1.65,pcp,1982,6,0.17
198207,1.49,pcp,1982,7,0.82
198208,0.95,pcp,1982,8,0.28
198209,2.29,pcp,1982,9,1.04
198210,3.77,pcp,1982,10,0.35
198211,4.25,pcp,1982,11,-1.29
198212,7.39,pcp,1982,12,1.24
198301,8.31,pcp,1983,1,2.6
198302,5.68,pcp,1983,2,1.58
198303,6.28,pcp,1983,3,2.37
198304,2.16,pcp,1983,4,-0.24
198305,1.23,pcp,1983,5,-0.74
198306,1.36,pcp,1983,6,-0.12
198307,2.16,pcp,1983,7,1.49
198308,1.76,pcp,1983,8,1.09
198309,2,pcp,1983,9,0.75
198310,1.08,pcp,1983,10,-2.34
198311,10.6,pcp,1983,11,5.06
198312,4.9,pcp,1983,12,-1.25
198401,4.6,pcp,1984,1,-1.11
198402,3.3,pcp,1984,2,-0.79
198403,4.1,pcp,1984,3,0.19
198404,2.87,pcp,1984,4,0.47
198405,3.16,pcp,1984,5,1.19
198406,2.57,pcp,1984,6,1.09
198407,0.15,pcp,1984,7,-0.52
198408,0.69,pcp,1984,8,0.02
198409,1.61,pcp,1984,9,0.36
198410,3.33,pcp,1984,10,-0.09
198411,8.08,pcp,1984,11,2.54
198412,4.31,pcp,1984,12,-1.84
198501,0.81,pcp,1985,1,-4.9
198502,3.36,pcp,1985,2,-0.73
198503,2.95,pcp,1985,3,-0.96
198504,1.88,pcp,1985,4,-0.52
198505,1.11,pcp,1985,5,-0.86
198506,1.9,pcp,1985,6,0.42
198507,0.17,pcp,1985,7,-0.5
198508,0.46,pcp,1985,8,-0.21
198509,2.46,pcp,1985,9,1.21
198510,4.93,pcp,1985,10,1.51
198511,4.42,pcp,1985,11,-1.12
198512,1.94,pcp,1985,12,-4.21
198601,6.75,pcp,1986,1,1.04
198602,6.3,pcp,1986,2,2.2
198603,2.82,pcp,1986,3,-1.09
198604,1.67,pcp,1986,4,-0.73
198605,1.45,pcp,1986,5,-0.52
198606,0.77,pcp,1986,6,-0.71
198607,0.8,pcp,1986,7,0.13
198608,0.25,pcp,1986,8,-0.42
198609,2.64,pcp,1986,9,1.39
198610,1.65,pcp,1986,10,-1.77
198611,6.98,pcp,1986,11,1.44
198612,3.17,pcp,1986,12,-2.98
198701,5.61,pcp,1987,1,-0.1
198702,2.91,pcp,1987,2,-1.18
198703,4.5,pcp,1987,3,0.59
198704,1.83,pcp,1987,4,-0.57
198705,1.96,pcp,1987,5,-0.01
198706,0.71,pcp,1987,6,-0.77
198707,1.53,pcp,1987,7,0.86
198708,0.21,pcp,1987,8,-0.46
198709,0.23,pcp,1987,9,-1.02
198710,0.11,pcp,1987,10,-3.31
198711,2.52,pcp,1987,11,-3.02
198712,9.66,pcp,1987,12,3.51
198801,4.03,pcp,1988,1,-1.68
198802,2.2,pcp,1988,2,-1.89
198803,4.49,pcp,1988,3,0.58
198804,3.76,pcp,1988,4,1.36
198805,1.59,pcp,1988,5,-0.38
198806,1.9,pcp,1988,6,0.42
198807,0.45,pcp,1988,7,-0.22
198808,0.24,pcp,1988,8,-0.43
198809,1.49,pcp,1988,9,0.24
198810,1.91,pcp,1988,10,-1.51
198811,8.38,pcp,1988,11,2.84
198812,3.51,pcp,1988,12,-2.64
198901,4.96,pcp,1989,1,-0.75
198902,3.01,pcp,1989,2,-1.08
198903,4.73,pcp,1989,3,0.82
198904,3.02,pcp,1989,4,0.62
198905,2.31,pcp,1989,5,0.34
198906,0.5,pcp,1989,6,-0.98
198907,0.6,pcp,1989,7,-0.07
198908,1.06,pcp,1989,8,0.39
198909,0.32,pcp,1989,9,-0.93
198910,2.73,pcp,1989,10,-0.69
198911,4.61,pcp,1989,11,-0.93
198912,3.01,pcp,1989,12,-3.14
199001,9.88,pcp,1990,1,4.17
199002,4.86,pcp,1990,2,0.77
199003,2.06,pcp,1990,3,-1.85
199004,2.12,pcp,1990,4,-0.28
199005,3.29,pcp,1990,5,1.32
199006,2.29,pcp,1990,6,0.81
199007,0.79,pcp,1990,7,0.12
199008,2.05,pcp,1990,8,1.38
199009,0.16,pcp,1990,9,-1.09
199010,5.06,pcp,1990,10,1.64
199011,9.27,pcp,1990,11,3.73
199012,5.16,pcp,1990,12,-0.99
199101,4.31,pcp,1991,1,-1.4
199102,4.06,pcp,1991,2,-0.04
199103,4.05,pcp,1991,3,0.14
199104,3.37,pcp,1991,4,0.97
199105,2.23,pcp,1991,5,0.26
199106,2.56,pcp,1991,6,1.08
199107,0.5,pcp,1991,7,-0.17
199108,0.89,pcp,1991,8,0.22
199109,0.22,pcp,1991,9,-1.03
199110,1.59,pcp,1991,10,-1.83
199111,6.76,pcp,1991,11,1.22
199112,4.08,pcp,1991,12,-2.07
199201,5.29,pcp,1992,1,-0.42
199202,3.64,pcp,1992,2,-0.45
199203,1.11,pcp,1992,3,-2.8
199204,2.76,pcp,1992,4,0.36
199205,0.38,pcp,1992,5,-1.59
199206,2.61,pcp,1992,6,1.13
199207,1.91,pcp,1992,7,1.24
199208,0.53,pcp,1992,8,-0.14
199209,1.76,pcp,1992,9,0.51
199210,1.75,pcp,1992,10,-1.67
199211,5.04,pcp,1992,11,-0.5
199212,5.67,pcp,1992,12,-0.48
199301,3.99,pcp,1993,1,-1.72
199302,1.01,pcp,1993,2,-3.08
199303,2.93,pcp,1993,3,-0.98
199304,3.43,pcp,1993,4,1.03
199305,2,pcp,1993,5,0.03
199306,2.65,pcp,1993,6,1.17
199307,2.36,pcp,1993,7,1.69
199308,0.75,pcp,1993,8,0.08
199309,0.42,pcp,1993,9,-0.83
199310,1.06,pcp,1993,10,-2.36
199311,1.92,pcp,1993,11,-3.62
199312,5.34,pcp,1993,12,-0.81
199401,3.52,pcp,1994,1,-2.19
199402,5.29,pcp,1994,2,1.2
199403,2.38,pcp,1994,3,-1.53
199404,2.46,pcp,1994,4,0.06
199405,1.6,pcp,1994,5,-0.37
199406,1.62,pcp,1994,6,0.14
199407,0.53,pcp,1994,7,-0.14
199408,0.46,pcp,1994,8,-0.21
199409,0.77,pcp,1994,9,-0.48
199410,6.21,pcp,1994,10,2.79
199411,6.51,pcp,1994,11,0.97
199412,6.14,pcp,1994,12,-0.01
199501,7.22,pcp,1995,1,1.51
199502,4.51,pcp,1995,2,0.42
199503,4.71,pcp,1995,3,0.8
199504,2.43,pcp,1995,4,0.03
199505,1.62,pcp,1995,5,-0.35
199506,1.48,pcp,1995,6,-0
199507,1.1,pcp,1995,7,0.43
199508,1.03,pcp,1995,8,0.36
199509,1.2,pcp,1995,9,-0.05
199510,3.8,pcp,1995,10,0.38
199511,11.29,pcp,1995,11,5.75
199512,6.64,pcp,1995,12,0.49
199601,6.47,pcp,1996,1,0.76
199602,8.55,pcp,1996,2,4.46
199603,2.05,pcp,1996,3,-1.86
199604,4.08,pcp,1996,4,1.68
199605,2.25,pcp,1996,5,0.28
199606,0.79,pcp,1996,6,-0.69
199607,0.46,pcp,1996,7,-0.21
199608,0.32,pcp,1996,8,-0.35
199609,1.51,pcp,1996,9,0.26
199610,3.98,pcp,1996,10,0.56
199611,6.25,pcp,1996,11,0.71
199612,13.11,pcp,1996,12,6.96
199701,6.41,pcp,1997,1,0.7
199702,3.31,pcp,1997,2,-0.78
199703,6.89,pcp,1997,3,2.98
199704,2.89,pcp,1997,4,0.49
199705,1.71,pcp,1997,5,-0.26
199706,2.42,pcp,1997,6,0.94
199707,1,pcp,1997,7,0.33
199708,0.76,pcp,1997,8,0.09
199709,2.76,pcp,1997,9,1.51
199710,6.52,pcp,1997,10,3.1
199711,3.43,pcp,1997,11,-2.11
199712,3.19,pcp,1997,12,-2.96
199801,8.51,pcp,1998,1,2.8
199802,5.15,pcp,1998,2,1.06
199803,3.32,pcp,1998,3,-0.59
199804,1.68,pcp,1998,4,-0.72
199805,3.59,pcp,1998,5,1.62
199806,1.48,pcp,1998,6,-0
199807,0.98,pcp,1998,7,0.31
199808,0.18,pcp,1998,8,-0.49
199809,0.45,pcp,1998,9,-0.8
199810,1.48,pcp,1998,10,-1.94
199811,8.75,pcp,1998,11,3.21
199812,9.72,pcp,1998,12,3.57
199901,6.99,pcp,1999,1,1.28
199902,9.17,pcp,1999,2,5.08
199903,3.93,pcp,1999,3,0.02
199904,0.85,pcp,1999,4,-1.55
199905,1.73,pcp,1999,5,-0.24
199906,0.79,pcp,1999,6,-0.69
199907,0.65,pcp,1999,7,-0.02
199908,1.25,pcp,1999,8,0.58
199909,0.36,pcp,1999,9,-0.89
199910,2.38,pcp,1999,10,-1.04
199911,7.26,pcp,1999,11,1.72
199912,5.95,pcp,1999,12,-0.2
200001,6.26,pcp,2000,1,0.55
200002,4.54,pcp,2000,2,0.45
200003,2.98,pcp,2000,3,-0.93
200004,1.21,pcp,2000,4,-1.19
200005,1.71,pcp,2000,5,-0.26
200006,1.21,pcp,2000,6,-0.27
200007,0.51,pcp,2000,7,-0.16
200008,0.18,pcp,2000,8,-0.49
200009,1.2,pcp,2000,9,-0.05
200010,1.76,pcp,2000,10,-1.66
200011,2.66,pcp,2000,11,-2.88
200012,3.34,pcp,2000,12,-2.81
200101,2.18,pcp,2001,1,-3.53
200102,2.11,pcp,2001,2,-1.98
200103,3.04,pcp,2001,3,-0.87
200104,2.15,pcp,2001,4,-0.25
200105,1.25,pcp,2001,5,-0.72
200106,1.89,pcp,2001,6,0.41
200107,0.55,pcp,2001,7,-0.12
200108,0.72,pcp,2001,8,0.05
200109,0.53,pcp,2001,9,-0.72
200110,3.72,pcp,2001,10,0.3
200111,6.59,pcp,2001,11,1.05
200112,7.06,pcp,2001,12,0.91
200201,6.41,pcp,2002,1,0.7
200202,3.8,pcp,2002,2,-0.29
200203,4.47,pcp,2002,3,0.56
200204,2.51,pcp,2002,4,0.11
200205,1.54,pcp,2002,5,-0.43
200206,1.21,pcp,2002,6,-0.27
200207,0.48,pcp,2002,7,-0.19
200208,0.26,pcp,2002,8,-0.41
200209,0.36,pcp,2002,9,-0.89
200210,0.36,pcp,2002,10,-3.06
200211,2.51,pcp,2002,11,-3.03
200212,7.46,pcp,2002,12,1.31
200301,8.74,pcp,2003,1,3.03
200302,2.1,pcp,2003,2,-1.99
200303,6,pcp,2003,3,2.09
200304,3.12,pcp,2003,4,0.72
200305,0.84,pcp,2003,5,-1.13
200306,0.25,pcp,2003,6,-1.23
200307,0.02,pcp,2003,7,-0.65
200308,0.17,pcp,2003,8,-0.5
200309,0.53,pcp,2003,9,-0.72
200310,4.99,pcp,2003,10,1.57
200311,5.97,pcp,2003,11,0.43
200312,5.07,pcp,2003,12,-1.08
200401,5.26,pcp,2004,1,-0.45
200402,2.91,pcp,2004,2,-1.18
200403,2.85,pcp,2004,3,-1.06
200404,1.02,pcp,2004,4,-1.38
200405,2.31,pcp,2004,5,0.34
200406,1.56,pcp,2004,6,0.08
200407,0.35,pcp,2004,7,-0.32
200408,2.46,pcp,2004,8,1.79
200409,2.06,pcp,2004,9,0.81
200410,3.04,pcp,2004,10,-0.38
200411,2.27,pcp,2004,11,-3.27
200412,4.36,pcp,2004,12,-1.79
200501,3.9,pcp,2005,1,-1.81
200502,0.87,pcp,2005,2,-3.22
200503,3.5,pcp,2005,3,-0.41
200504,2.17,pcp,2005,4,-0.23
200505,3.31,pcp,2005,5,1.34
200506,1.43,pcp,2005,6,-0.05
200507,0.7,pcp,2005,7,0.03
200508,0.24,pcp,2005,8,-0.43
200509,1.35,pcp,2005,9,0.1
200510,2.99,pcp,2005,10,-0.43
200511,5.28,pcp,2005,11,-0.26
200512,6.67,pcp,2005,12,0.52
200601,10.6,pcp,2006,1,4.89
200602,3.84,pcp,2006,2,-0.25
200603,3.1,pcp,2006,3,-0.81
200604,2.35,pcp,2006,4,-0.05
200605,2.01,pcp,2006,5,0.04
200606,2.12,pcp,2006,6,0.64
200607,0.37,pcp,2006,7,-0.3
200608,0.08,pcp,2006,8,-0.59
200609,0.88,pcp,2006,9,-0.37
200610,1.15,pcp,2006,10,-2.27
200611,13.39,pcp,2006,11,7.85
200612,7.44,pcp,2006,12,1.29
200701,4.65,pcp,2007,1,-1.06
200702,4.03,pcp,2007,2,-0.06
200703,3.34,pcp,2007,3,-0.57
200704,1.2,pcp,2007,4,-1.2
200705,1.2,pcp,2007,5,-0.77
200706,1.03,pcp,2007,6,-0.45
200707,0.47,pcp,2007,7,-0.2
200708,0.48,pcp,2007,8,-0.19
200709,0.89,pcp,2007,9,-0.36
200710,3.18,pcp,2007,10,-0.24
200711,3.86,pcp,2007,11,-1.68
200712,9.34,pcp,2007,12,3.19
200801,5.75,pcp,2008,1,0.04
200802,3.97,pcp,2008,2,-0.12
200803,2.66,pcp,2008,3,-1.25
200804,1.42,pcp,2008,4,-0.98
200805,1.36,pcp,2008,5,-0.61
200806,1.26,pcp,2008,6,-0.22
200807,0.34,pcp,2008,7,-0.33
200808,1.56,pcp,2008,8,0.89
200809,0.44,pcp,2008,9,-0.81
200810,2.12,pcp,2008,10,-1.3
200811,6.3,pcp,2008,11,0.76
200812,5.51,pcp,2008,12,-0.64
200901,6.46,pcp,2009,1,0.75
200902,1.8,pcp,2009,2,-2.3
200903,4.78,pcp,2009,3,0.87
200904,1.92,pcp,2009,4,-0.48
200905,2.49,pcp,2009,5,0.52
200906,0.94,pcp,2009,6,-0.54
200907,0.57,pcp,2009,7,-0.1
200908,0.57,pcp,2009,8,-0.1
200909,1.38,pcp,2009,9,0.13
200910,4.62,pcp,2009,10,1.2
200911,5.16,pcp,2009,11,-0.38
200912,3.21,pcp,2009,12,-2.94
201001,5.65,pcp,2010,1,-0.06
201002,3.16,pcp,2010,2,-0.93
201003,2.58,pcp,2010,3,-1.33
201004,3.55,pcp,2010,4,1.15
201005,3.91,pcp,2010,5,1.94
201006,2.58,pcp,2010,6,1.1
201007,0.24,pcp,2010,7,-0.43
201008,0.96,pcp,2010,8,0.29
201009,2.7,pcp,2010,9,1.45
201010,2.64,pcp,2010,10,-0.78
201011,4.91,pcp,2010,11,-0.63
201012,7.13,pcp,2010,12,0.98
201101,5.57,pcp,2011,1,-0.14
201102,3.91,pcp,2011,2,-0.18
201103,8.31,pcp,2011,3,4.4
201104,3.19,pcp,2011,4,0.79
201105,3.96,pcp,2011,5,1.99
201106,1.08,pcp,2011,6,-0.4
201107,0.8,pcp,2011,7,0.13
201108,0.04,pcp,2011,8,-0.63
201109,0.61,pcp,2011,9,-0.64
201110,3.04,pcp,2011,10,-0.38
201111,5.26,pcp,2011,11,-0.28
201112,3.3,pcp,2011,12,-2.85
201201,6.42,pcp,2012,1,0.71
201202,4.28,pcp,2012,2,0.19
201203,6.49,pcp,2012,3,2.58
201204,2.76,pcp,2012,4,0.36
201205,1.35,pcp,2012,5,-0.62
201206,2.64,pcp,2012,6,1.16
201207,1.47,pcp,2012,7,0.8
201208,0.14,pcp,2012,8,-0.53
201209,0.18,pcp,2012,9,-1.07
201210,5.59,pcp,2012,10,2.17
201211,6.12,pcp,2012,11,0.58
201212,8.37,pcp,2012,12,2.22
201301,2.7,pcp,2013,1,-3.01
201302,1.99,pcp,2013,2,-2.1
201303,2.9,pcp,2013,3,-1.01
201304,3.36,pcp,2013,4,0.96
201305,2.83,pcp,2013,5,0.86
201306,1.6,pcp,2013,6,0.12
201307,0.3,pcp,2013,7,-0.37
201308,1.91,pcp,2013,8,1.24
201309,4.89,pcp,2013,9,3.64
201310,1.14,pcp,2013,10,-2.28
201311,3.57,pcp,2013,11,-1.97
201312,3.13,pcp,2013,12,-3.02
201401,3.84,pcp,2014,1,-1.87
201402,7.88,pcp,2014,2,3.79
201403,6.33,pcp,2014,3,2.42
201404,2.25,pcp,2014,4,-0.15
201405,1.12,pcp,2014,5,-0.85
201406,1.15,pcp,2014,6,-0.33
201407,0.86,pcp,2014,7,0.19
201408,1.87,pcp,2014,8,1.2
201409,1.26,pcp,2014,9,0.01
201410,5.28,pcp,2014,10,1.86
201411,6.04,pcp,2014,11,0.5
201412,5.87,pcp,2014,12,-0.28
201501,4.21,pcp,2015,1,-1.5
201502,3.55,pcp,2015,2,-0.54
201503,3,pcp,2015,3,-0.91
201504,0.97,pcp,2015,4,-1.43
201505,1.79,pcp,2015,5,-0.18
201506,0.38,pcp,2015,6,-1.1
201507,0.39,pcp,2015,7,-0.28
201508,0.8,pcp,2015,8,0.13
201509,0.74,pcp,2015,9,-0.51
201510,4.06,pcp,2015,10,0.64
201511,6.37,pcp,2015,11,0.83
201512,11.83,pcp,2015,12,5.68
201601,6.47,pcp,2016,1,0.76
201602,4.27,pcp,2016,2,0.17
201603,6.12,pcp,2016,3,2.21
201604,1.04,pcp,2016,4,-1.36
201605,1.32,pcp,2016,5,-0.65
201606,1.18,pcp,2016,6,-0.3
201607,1.3,pcp,2016,7,0.63
201608,0.27,pcp,2016,8,-0.4
201609,1.17,pcp,2016,9,-0.08
201610,8.67,pcp,2016,10,5.25
201611,4.41,pcp,2016,11,-1.13
201612,4.76,pcp,2016,12,-1.39
201701,3.86,pcp,2017,1,-1.85
201702,6.49,pcp,2017,2,2.4
201703,6.91,pcp,2017,3,3
201704,4.12,pcp,2017,4,1.72
201705,1.85,pcp,2017,5,-0.12
201706,1.03,pcp,2017,6,-0.45
201707,0.01,pcp,2017,7,-0.66
201708,0.09,pcp,2017,8,-0.58
201709,0.86,pcp,2017,9,-0.39
201710,5.03,pcp,2017,10,1.61
201711,7.15,pcp,2017,11,1.61
201712,4.25,pcp,2017,12,-1.9
201801,6.61,pcp,2018,1,0.9
201802,4.04,pcp,2018,2,-0.05
201803,3.34,pcp,2018,3,-0.57
201804,4.01,pcp,2018,4,1.61
201805,1.09,pcp,2018,5,-0.88
201806,0.99,pcp,2018,6,-0.49
201807,0.13,pcp,2018,7,-0.54
201808,0.19,pcp,2018,8,-0.48
201809,0.75,pcp,2018,9,-0.5
201810,3.17,pcp,2018,10,-0.25
201811,3.73,pcp,2018,11,-1.81
201812,6.54,pcp,2018,12,0.39
201901,4.18,pcp,2019,1,-1.53
201902,4.06,pcp,2019,2,-0.04
201903,1.28,pcp,2019,3,-2.63
201904,2.63,pcp,2019,4,0.23
201905,2.5,pcp,2019,5,0.53
201906,1.02,pcp,2019,6,-0.46
201907,0.68,pcp,2019,7,0.01
201908,0.94,pcp,2019,8,0.27
201909,3.22,pcp,2019,9,1.97
201910,2.95,pcp,2019,10,-0.47
201911,1.46,pcp,2019,11,-4.08
201912,5.01,pcp,2019,12,-1.14
202001,8.91,pcp,2020,1,3.2
202002,4.56,pcp,2020,2,0.46
202003,1.97,pcp,2020,3,-1.94
202004,1.01,pcp,2020,4,-1.39
202005,2.24,pcp,2020,5,0.27
202006,1.48,pcp,2020,6,-0
202007,0.1,pcp,2020,7,-0.57
202008,0.11,pcp,2020,8,-0.56
202009,1.97,pcp,2020,9,0.72
202010,4.33,pcp,2020,10,0.91
202011,5.85,pcp,2020,11,0.31
202012,4.9,pcp,2020,12,-1.25
202101,6.66,pcp,2021,1,0.95
202102,5.95,pcp,2021,2,1.86
202103,1.55,pcp,2021,3,-2.36
202104,0.7,pcp,2021,4,-1.7
202105,0.8,pcp,2021,5,-1.17
202106,0.92,pcp,2021,6,-0.56
202107,0.11,pcp,2021,7,-0.56
202108,0.65,pcp,2021,8,-0.02
202109,1.82,pcp,2021,9,0.57
202110,4.1,pcp,2021,10,0.68
202111,7.39,pcp,2021,11,1.85
202112,6,pcp,2021,12,-0.15
202201,6,pcp,2022,1,0.29
202202,3.01,pcp,2022,2,-1.08
202203,2.14,pcp,2022,3,-1.77
202204,4.1,pcp,2022,4,1.7
202205,3.09,pcp,2022,5,1.12
202206,2.76,pcp,2022,6,1.28
202207,0.59,pcp,2022,7,-0.08
202208,0.24,pcp,2022,8,-0.43
202209,0.36,pcp,2022,9,-0.89
202210,1.62,pcp,2022,10,-1.8
202211,6.08,pcp,2022,11,0.54
202212,6.64,pcp,2022,12,0.49
202301,3.96,pcp,2023,1,-1.75
202302,2.88,pcp,2023,2,-1.21
202303,2.85,pcp,2023,3,-1.06
202304,2.64,pcp,2023,4,0.24
202305,1.07,pcp,2023,5,-0.9
202306,0.85,pcp,2023,6,-0.63
202307,0.29,pcp,2023,7,-0.38
202308,0.69,pcp,2023,8,0.02
202309,1.79,pcp,2023,9,0.54
202310,1.8,pcp,2023,10,-1.62
202311,4.41,pcp,2023,11,-1.13
202312,6.12,pcp,2023,12,-0.03
202401,6.38,pcp,2024,1,0.67
202402,3.31,pcp,2024,2,-0.78
202403,2.55,pcp,2024,3,-1.36
202404,1.17,pcp,2024,4,-1.23
202405,1.27,pcp,2024,5,-0.7
202406,1.41,pcp,2024,6,-0.07
202407,0.1,pcp,2024,7,-0.57
202408,1.64,pcp,2024,8,0.97
202409,0.48,pcp,2024,9,-0.77
202410,2.08,pcp,2024,10,-1.34
202411,6.61,pcp,2024,11,1.07
202412,7.57,pcp,2024,12,1.42
202501,2,pcp,2025,1,-3.71
202502,4.14,pcp,2025,2,0.04
202503,4.5,pcp,2025,3,0.59
202504,1.2,pcp,2025,4,-1.2
202505,0.77,pcp,2025,5,-1.2
202506,0.19,pcp,2025,6,-1.29
202507,0.31,pcp,2025,7,-0.36
202508,0.85,pcp,2025,8,0.18
202509,0.63,pcp,2025,9,-0.62
202510,4.1,pcp,2025,10,0.68
202511,5.95,pcp,2025,11,0.41
202512,12.85,pcp,2025,12,6.7
202601,2.94,pcp,2026,1,-2.77
202602,2.48,pcp,2026,2,-1.61
202603,5.84,pcp,2026,3,1.93
202604,1.38,pcp,2026,4,-1.02
202605,1.4,pcp,2026,5,-0.57
202606,0.97,pcp,2026,6,-0.51
202607,0.3,pcp,2026,7,-0.37
