Date,Basin,snow_cover_pct,swe_min_in,swe_mean_in,swe_max_in,depth_min_in,depth_mean_in,depth_max_in,n_hours,area_acres,snow_storage_acre_feet,reservoir
2026-09-28,BUDW1IL,0,0,0,0,0,0,0,24,16732,0,BUM
2026-09-28,BUDW1IU,3.8333333333333335,0,4.166666666666667e-4,0.25,0,0.015833333333333335,0.92,24,28826,1.0009027777777777,BUM
2026-09-28,CLUW1IL,0,0,0,0,0,0,0,24,46923,0,CLE
2026-09-28,CLUW1IU,12.183333333333334,0,0.04791666666666667,1.24,0,0.1975,6.58,24,78639,314.00989583333336,CLE
2026-09-28,KADW1IL,0,0,0,0,0,0,0,24,20598,0,KAC
2026-09-28,KADW1IU,0,0,0,0,0,0,0,24,16270,0,KAC
2026-09-28,KEDW1IL,0,0,0,0,0,0,0,24,20603,0,KEE
2026-09-28,KEDW1IU,0,0,0,0,0,0,0,24,11231,0,KEE
2026-09-28,RILW1IG,73.83333333333333,0,0.3095833333333333,0.84,0,1.2270833333333333,4.43,24,3807,98.2153125,RIM
2026-09-28,RILW1IL,0,0,0,0,0,0,0,24,43942,0,RIM
2026-09-28,RILW1IU,0.9500000000000001,0,0,0.33,0,0.007916666666666667,1.15,24,70273,0,RIM
