year,month,station_id,reservoir,volume_af,water_year
1991,1,SYSTEM,ALL,131933.023,1991
1991,2,SYSTEM,ALL,218712.12300000002,1991
1991,3,SYSTEM,ALL,95301.337,1991
1991,4,SYSTEM,ALL,194847.07700000002,1991
1991,5,SYSTEM,ALL,277551.418,1991
1991,6,SYSTEM,ALL,243974.223,1991
1991,7,SYSTEM,ALL,164467.96,1991
1991,8,SYSTEM,ALL,65894.04699999999,1991
1991,9,SYSTEM,ALL,37505.5327,1991
1991,10,SYSTEM,ALL,26499.8568,1992
1991,11,SYSTEM,ALL,108674.72899999999,1992
1991,12,SYSTEM,ALL,129817.947,1992
1992,1,SYSTEM,ALL,116589.571,1992
1992,2,SYSTEM,ALL,110200.258,1992
1992,3,SYSTEM,ALL,162781.519,1992
1992,4,SYSTEM,ALL,204217.325,1992
1992,5,SYSTEM,ALL,211083.32799999998,1992
1992,6,SYSTEM,ALL,95272.3707,1992
1992,7,SYSTEM,ALL,49691.6067,1992
1992,8,SYSTEM,ALL,30054.0708,1992
1992,9,SYSTEM,ALL,42452.3928,1992
1992,10,SYSTEM,ALL,33706.734,1993
1992,11,SYSTEM,ALL,74059.5247,1993
1992,12,SYSTEM,ALL,50163.9275,1993
1993,1,SYSTEM,ALL,64407.740300000005,1993
1993,2,SYSTEM,ALL,43262.9481,1993
1993,3,SYSTEM,ALL,113868.078,1993
1993,4,SYSTEM,ALL,173686.856,1993
1993,5,SYSTEM,ALL,381719.232,1993
1993,6,SYSTEM,ALL,155890.549,1993
1993,7,SYSTEM,ALL,70863.0307,1993
1993,8,SYSTEM,ALL,35144.1372,1993
1993,9,SYSTEM,ALL,23079.5103,1993
1993,10,SYSTEM,ALL,24490.816700000003,1994
1993,11,SYSTEM,ALL,26753.221,1994
1993,12,SYSTEM,ALL,42454.7004,1994
1994,1,SYSTEM,ALL,75863.734,1994
1994,2,SYSTEM,ALL,43435.7575,1994
1994,3,SYSTEM,ALL,126356.298,1994
1994,4,SYSTEM,ALL,239559.047,1994
1994,5,SYSTEM,ALL,261163.271,1994
1994,6,SYSTEM,ALL,135193.00600000002,1994
1994,7,SYSTEM,ALL,66775.3675,1994
1994,8,SYSTEM,ALL,29760.0288,1994
1994,9,SYSTEM,ALL,23410.3666,1994
1994,10,SYSTEM,ALL,65846.7798,1995
1994,11,SYSTEM,ALL,89282.015,1995
1994,12,SYSTEM,ALL,128054.468,1995
1995,1,SYSTEM,ALL,103007.46100000001,1995
1995,2,SYSTEM,ALL,257490.738,1995
1995,3,SYSTEM,ALL,152225.619,1995
1995,4,SYSTEM,ALL,156252.612,1995
1995,5,SYSTEM,ALL,396504.49,1995
1995,6,SYSTEM,ALL,227658.007,1995
1995,7,SYSTEM,ALL,109858.326,1995
1995,8,SYSTEM,ALL,51004.0565,1995
1995,9,SYSTEM,ALL,34226.9689,1995
1995,10,SYSTEM,ALL,133602.1235,1996
1995,11,SYSTEM,ALL,536719.13,1996
1995,12,SYSTEM,ALL,206396.483,1996
1996,1,SYSTEM,ALL,219566.76200000002,1996
1996,2,SYSTEM,ALL,355938.914,1996
1996,3,SYSTEM,ALL,142712.105,1996
1996,4,SYSTEM,ALL,261988.387,1996
1996,5,SYSTEM,ALL,248627.413,1996
1996,6,SYSTEM,ALL,236513.508,1996
1996,7,SYSTEM,ALL,130809.682,1996
1996,8,SYSTEM,ALL,57358.7127,1996
1996,9,SYSTEM,ALL,41579.9833,1996
1996,10,SYSTEM,ALL,72392.8314,1997
1996,11,SYSTEM,ALL,124254.59599999999,1997
1996,12,SYSTEM,ALL,94752.532,1997
1997,1,SYSTEM,ALL,149737.194,1997
1997,2,SYSTEM,ALL,129003.696,1997
1997,3,SYSTEM,ALL,213334.79400000002,1997
1997,4,SYSTEM,ALL,262112.46,1997
1997,5,SYSTEM,ALL,581912.966,1997
1997,6,SYSTEM,ALL,457097.505,1997
1997,7,SYSTEM,ALL,249938.019,1997
1997,8,SYSTEM,ALL,85228.5335,1997
1997,9,SYSTEM,ALL,80434.881,1997
1997,10,SYSTEM,ALL,196496.75400000002,1998
1997,11,SYSTEM,ALL,129292.599,1998
1997,12,SYSTEM,ALL,81276.526,1998
1998,1,SYSTEM,ALL,83722.7555,1998
1998,2,SYSTEM,ALL,68373.8087,1998
1998,3,SYSTEM,ALL,121100.21900000001,1998
1998,4,SYSTEM,ALL,188965.203,1998
1998,5,SYSTEM,ALL,373116.906,1998
1998,6,SYSTEM,ALL,223034.272,1998
1998,7,SYSTEM,ALL,91380.6635,1998
1998,8,SYSTEM,ALL,43379.8552,1998
1998,9,SYSTEM,ALL,28898.224800000004,1998
1998,10,SYSTEM,ALL,33775.1847,1999
1998,11,SYSTEM,ALL,125875.913,1999
1998,12,SYSTEM,ALL,165368.60199999998,1999
1999,1,SYSTEM,ALL,171379.52399999998,1999
1999,2,SYSTEM,ALL,72854.94099999999,1999
1999,3,SYSTEM,ALL,79027.1466,1999
1999,4,SYSTEM,ALL,155775.544,1999
1999,5,SYSTEM,ALL,342842.58900000004,1999
1999,6,SYSTEM,ALL,509451.265,1999
1999,7,SYSTEM,ALL,331019.68399999995,1999
1999,8,SYSTEM,ALL,135737.993,1999
1999,9,SYSTEM,ALL,55286.892,1999
1999,10,SYSTEM,ALL,57209.0653,2000
1999,11,SYSTEM,ALL,236475.976,2000
1999,12,SYSTEM,ALL,206436.403,2000
2000,1,SYSTEM,ALL,69473.56,2000
2000,2,SYSTEM,ALL,49585.7394,2000
2000,3,SYSTEM,ALL,68158.27799999999,2000
2000,4,SYSTEM,ALL,256282.172,2000
2000,5,SYSTEM,ALL,319457.594,2000
2000,6,SYSTEM,ALL,305892.705,2000
2000,7,SYSTEM,ALL,114657.4722,2000
2000,8,SYSTEM,ALL,45917.129,2000
2000,9,SYSTEM,ALL,58519.247,2000
2000,10,SYSTEM,ALL,56925.3213,2001
2000,11,SYSTEM,ALL,37498.8232,2001
2000,12,SYSTEM,ALL,29326.947200000002,2001
2001,1,SYSTEM,ALL,36534.2843,2001
2001,2,SYSTEM,ALL,27777.1216,2001
2001,3,SYSTEM,ALL,77555.2437,2001
2001,4,SYSTEM,ALL,137180.611,2001
2001,5,SYSTEM,ALL,276894.047,2001
2001,6,SYSTEM,ALL,133560.947,2001
2001,7,SYSTEM,ALL,65353.8837,2001
2001,8,SYSTEM,ALL,40916.859,2001
2001,9,SYSTEM,ALL,23817.793700000002,2001
2001,10,SYSTEM,ALL,60631.2543,2002
2001,11,SYSTEM,ALL,154394.494,2002
2001,12,SYSTEM,ALL,88490.813,2002
2002,1,SYSTEM,ALL,160194.971,2002
2002,2,SYSTEM,ALL,79802.355,2002
2002,3,SYSTEM,ALL,91429.612,2002
2002,4,SYSTEM,ALL,238674.081,2002
2002,5,SYSTEM,ALL,353000.923,2002
2002,6,SYSTEM,ALL,447544.946,2002
2002,7,SYSTEM,ALL,167218.809,2002
2002,8,SYSTEM,ALL,55717.3957,2002
2002,9,SYSTEM,ALL,36944.5679,2002
2002,10,SYSTEM,ALL,22052.8022,2003
2002,11,SYSTEM,ALL,42878.769,2003
2002,12,SYSTEM,ALL,46462.2314,2003
2003,1,SYSTEM,ALL,169650.652,2003
2003,2,SYSTEM,ALL,119110.83500000002,2003
2003,3,SYSTEM,ALL,178002.62,2003
2003,4,SYSTEM,ALL,173465.299,2003
2003,5,SYSTEM,ALL,261953.79499999998,2003
2003,6,SYSTEM,ALL,222873.19,2003
2003,7,SYSTEM,ALL,86104.1194,2003
2003,8,SYSTEM,ALL,41608.2783,2003
2003,9,SYSTEM,ALL,35049.527,2003
2003,10,SYSTEM,ALL,102469.2084,2004
2003,11,SYSTEM,ALL,150373.585,2004
2003,12,SYSTEM,ALL,75939.765,2004
2004,1,SYSTEM,ALL,77838.845,2004
2004,2,SYSTEM,ALL,64091.1205,2004
2004,3,SYSTEM,ALL,138504.533,2004
2004,4,SYSTEM,ALL,231269.75400000002,2004
2004,5,SYSTEM,ALL,277798.381,2004
2004,6,SYSTEM,ALL,183225.12,2004
2004,7,SYSTEM,ALL,75569.1495,2004
2004,8,SYSTEM,ALL,71508.9632,2004
2004,9,SYSTEM,ALL,82914.276,2004
2004,10,SYSTEM,ALL,68968.19499999999,2005
2004,11,SYSTEM,ALL,117588.774,2005
2004,12,SYSTEM,ALL,154441.133,2005
2005,1,SYSTEM,ALL,206403.14599999998,2005
2005,2,SYSTEM,ALL,69251.494,2005
2005,3,SYSTEM,ALL,75779.0104,2005
2005,4,SYSTEM,ALL,144269.653,2005
2005,5,SYSTEM,ALL,163468.19700000001,2005
2005,6,SYSTEM,ALL,75594.2087,2005
2005,7,SYSTEM,ALL,53503.655,2005
2005,8,SYSTEM,ALL,36786.6755,2005
2005,9,SYSTEM,ALL,28731.1443,2005
2005,10,SYSTEM,ALL,51781.85969999999,2006
2005,11,SYSTEM,ALL,78380.22399999999,2006
2005,12,SYSTEM,ALL,102210.51000000001,2006
2006,1,SYSTEM,ALL,163268.018,2006
2006,2,SYSTEM,ALL,72556.3005,2006
2006,3,SYSTEM,ALL,56233.595,2006
2006,4,SYSTEM,ALL,178949.598,2006
2006,5,SYSTEM,ALL,436536.11199999996,2006
2006,6,SYSTEM,ALL,341036.54,2006
2006,7,SYSTEM,ALL,103174.8085,2006
2006,8,SYSTEM,ALL,40951.8362,2006
2006,9,SYSTEM,ALL,29662.610399999998,2006
2006,10,SYSTEM,ALL,25008.672899999998,2007
2006,11,SYSTEM,ALL,338880.101,2007
2006,12,SYSTEM,ALL,91360.98,2007
2007,1,SYSTEM,ALL,115029.536,2007
2007,2,SYSTEM,ALL,103567.48999999999,2007
2007,3,SYSTEM,ALL,300469.36,2007
2007,4,SYSTEM,ALL,194174.221,2007
2007,5,SYSTEM,ALL,326904.085,2007
2007,6,SYSTEM,ALL,218321.95,2007
2007,7,SYSTEM,ALL,92551.3104,2007
2007,8,SYSTEM,ALL,43034.0872,2007
2007,9,SYSTEM,ALL,30870.885000000002,2007
2007,10,SYSTEM,ALL,67881.4244,2008
2007,11,SYSTEM,ALL,76266.652,2008
2007,12,SYSTEM,ALL,141413.946,2008
2008,1,SYSTEM,ALL,51640.9874,2008
2008,2,SYSTEM,ALL,51406.843,2008
2008,3,SYSTEM,ALL,65712.4365,2008
2008,4,SYSTEM,ALL,88895.4216,2008
2008,5,SYSTEM,ALL,492746.01999999996,2008
2008,6,SYSTEM,ALL,354447.14499999996,2008
2008,7,SYSTEM,ALL,170531.18,2008
2008,8,SYSTEM,ALL,69823.7974,2008
2008,9,SYSTEM,ALL,32246.8114,2008
2008,10,SYSTEM,ALL,42365.8674,2009
2008,11,SYSTEM,ALL,208539.117,2009
2008,12,SYSTEM,ALL,78146.0097,2009
2009,1,SYSTEM,ALL,216651.568,2009
2009,2,SYSTEM,ALL,47388.1437,2009
2009,3,SYSTEM,ALL,57691.784400000004,2009
2009,4,SYSTEM,ALL,150722.721,2009
2009,5,SYSTEM,ALL,391139.53500000003,2009
2009,6,SYSTEM,ALL,293903.74,2009
2009,7,SYSTEM,ALL,92436.4893,2009
2009,8,SYSTEM,ALL,47526.055400000005,2009
2009,9,SYSTEM,ALL,44195.1881,2009
2009,10,SYSTEM,ALL,79906.942,2010
2009,11,SYSTEM,ALL,114056.269,2010
2009,12,SYSTEM,ALL,70803.919,2010
2010,1,SYSTEM,ALL,93582.855,2010
2010,2,SYSTEM,ALL,61945.6976,2010
2010,3,SYSTEM,ALL,88833.487,2010
2010,4,SYSTEM,ALL,146684.206,2010
2010,5,SYSTEM,ALL,270078.222,2010
2010,6,SYSTEM,ALL,334249.244,2010
2010,7,SYSTEM,ALL,143151.2915,2010
2010,8,SYSTEM,ALL,65149.856,2010
2010,9,SYSTEM,ALL,65223.46859999999,2010
2010,10,SYSTEM,ALL,63721.745,2011
2010,11,SYSTEM,ALL,125671.209,2011
2010,12,SYSTEM,ALL,121511.301,2011
2011,1,SYSTEM,ALL,290553.573,2011
2011,2,SYSTEM,ALL,122555.46699999999,2011
2011,3,SYSTEM,ALL,123524.794,2011
2011,4,SYSTEM,ALL,148041.495,2011
2011,5,SYSTEM,ALL,320455.41299999994,2011
2011,6,SYSTEM,ALL,407993.87200000003,2011
2011,7,SYSTEM,ALL,244253.72600000002,2011
2011,8,SYSTEM,ALL,92372.0525,2011
2011,9,SYSTEM,ALL,54338.7081,2011
2011,10,SYSTEM,ALL,75736.6685,2012
2011,11,SYSTEM,ALL,73270.3285,2012
2011,12,SYSTEM,ALL,86664.06,2012
2012,1,SYSTEM,ALL,100378.9545,2012
2012,2,SYSTEM,ALL,108483.063,2012
2012,3,SYSTEM,ALL,92426.885,2012
2012,4,SYSTEM,ALL,262449.782,2012
2012,5,SYSTEM,ALL,413292.373,2012
2012,6,SYSTEM,ALL,383074.793,2012
2012,7,SYSTEM,ALL,237089.95,2012
2012,8,SYSTEM,ALL,78666.2893,2012
2012,9,SYSTEM,ALL,39921.759,2012
2012,10,SYSTEM,ALL,115474.411,2013
2012,11,SYSTEM,ALL,155970.36099999998,2013
2012,12,SYSTEM,ALL,106589.926,2013
2013,1,SYSTEM,ALL,56401.4429,2013
2013,2,SYSTEM,ALL,54828.223999999995,2013
2013,3,SYSTEM,ALL,122826.894,2013
2013,4,SYSTEM,ALL,250989.327,2013
2013,5,SYSTEM,ALL,377375.13,2013
2013,6,SYSTEM,ALL,236052.869,2013
2013,7,SYSTEM,ALL,98822.74600000001,2013
2013,8,SYSTEM,ALL,53948.7424,2013
2013,9,SYSTEM,ALL,77050.907,2013
2013,10,SYSTEM,ALL,81507.423,2014
2013,11,SYSTEM,ALL,121059.125,2014
2013,12,SYSTEM,ALL,106550.259,2014
2014,1,SYSTEM,ALL,99229.772,2014
2014,2,SYSTEM,ALL,68201.852,2014
2014,3,SYSTEM,ALL,226288.217,2014
2014,4,SYSTEM,ALL,221906.67099999997,2014
2014,5,SYSTEM,ALL,394476.752,2014
2014,6,SYSTEM,ALL,259074.86200000002,2014
2014,7,SYSTEM,ALL,133131.334,2014
2014,8,SYSTEM,ALL,63692.829900000004,2014
2014,9,SYSTEM,ALL,41102.4659,2014
2014,10,SYSTEM,ALL,102323.47699999998,2015
2014,11,SYSTEM,ALL,230164.47999999998,2015
2014,12,SYSTEM,ALL,181751.838,2015
2015,1,SYSTEM,ALL,224972.882,2015
2015,2,SYSTEM,ALL,196880.02099999998,2015
2015,3,SYSTEM,ALL,160431.286,2015
2015,4,SYSTEM,ALL,104639.645,2015
2015,5,SYSTEM,ALL,116746.06300000001,2015
2015,6,SYSTEM,ALL,60744.9131,2015
2015,7,SYSTEM,ALL,37064.7346,2015
2015,8,SYSTEM,ALL,34496.5816,2015
2015,9,SYSTEM,ALL,32145.596100000002,2015
2015,10,SYSTEM,ALL,87941.6278,2016
2015,11,SYSTEM,ALL,262604.958,2016
2015,12,SYSTEM,ALL,232289.669,2016
2016,1,SYSTEM,ALL,83372.706,2016
2016,2,SYSTEM,ALL,220959.927,2016
2016,3,SYSTEM,ALL,175749.777,2016
2016,4,SYSTEM,ALL,352713.178,2016
2016,5,SYSTEM,ALL,320501.97000000003,2016
2016,6,SYSTEM,ALL,167191.88450000001,2016
2016,7,SYSTEM,ALL,82795.5375,2016
2016,8,SYSTEM,ALL,49298.0601,2016
2016,9,SYSTEM,ALL,39288.8574,2016
2016,10,SYSTEM,ALL,177723.74099999998,2017
2016,11,SYSTEM,ALL,144605.797,2017
2016,12,SYSTEM,ALL,72330.0965,2017
2017,1,SYSTEM,ALL,46461.1549,2017
2017,2,SYSTEM,ALL,79771.5216,2017
2017,3,SYSTEM,ALL,213055.528,2017
2017,4,SYSTEM,ALL,220333.902,2017
2017,5,SYSTEM,ALL,472486.01999999996,2017
2017,6,SYSTEM,ALL,297092.216,2017
2017,7,SYSTEM,ALL,104991.4116,2017
2017,8,SYSTEM,ALL,57402.7621,2017
2017,9,SYSTEM,ALL,40476.151999999995,2017
2017,10,SYSTEM,ALL,118641.32299999999,2018
2017,11,SYSTEM,ALL,198791.667,2018
2017,12,SYSTEM,ALL,107024.557,2018
2018,1,SYSTEM,ALL,122219.61200000001,2018
2018,2,SYSTEM,ALL,164264.29,2018
2018,3,SYSTEM,ALL,78856.8505,2018
2018,4,SYSTEM,ALL,220648.25900000002,2018
2018,5,SYSTEM,ALL,497430.7,2018
2018,6,SYSTEM,ALL,179866.71,2018
2018,7,SYSTEM,ALL,88357.3936,2018
2018,8,SYSTEM,ALL,52000.7816,2018
2018,9,SYSTEM,ALL,34916.044799999996,2018
2018,10,SYSTEM,ALL,50061.880000000005,2019
2018,11,SYSTEM,ALL,128592.76,2019
2018,12,SYSTEM,ALL,93562.455,2019
2019,1,SYSTEM,ALL,104133.167,2019
2019,2,SYSTEM,ALL,54554.177500000005,2019
2019,3,SYSTEM,ALL,59707.4774,2019
2019,4,SYSTEM,ALL,214719.714,2019
2019,5,SYSTEM,ALL,295913.661,2019
2019,6,SYSTEM,ALL,141733.0035,2019
2019,7,SYSTEM,ALL,70060.5313,2019
2019,8,SYSTEM,ALL,47312.4595,2019
2019,9,SYSTEM,ALL,41821.358,2019
2019,10,SYSTEM,ALL,98335.463,2020
2019,11,SYSTEM,ALL,52845.5884,2020
2019,12,SYSTEM,ALL,100869.196,2020
2020,1,SYSTEM,ALL,193142.126,2020
2020,2,SYSTEM,ALL,212838.192,2020
2020,3,SYSTEM,ALL,80114.0138,2020
2020,4,SYSTEM,ALL,203008.13,2020
2020,5,SYSTEM,ALL,351763.625,2020
2020,6,SYSTEM,ALL,235987.055,2020
2020,7,SYSTEM,ALL,105939.122,2020
2020,8,SYSTEM,ALL,56262.755800000006,2020
2020,9,SYSTEM,ALL,48536.636,2020
2020,10,SYSTEM,ALL,135670,2021
2020,11,SYSTEM,ALL,123270,2021
2020,12,SYSTEM,ALL,105860,2021
2021,1,SYSTEM,ALL,140830,2021
2021,2,SYSTEM,ALL,89770,2021
2021,3,SYSTEM,ALL,73230,2021
2021,4,SYSTEM,ALL,185960,2021
2021,5,SYSTEM,ALL,359190,2021
2021,6,SYSTEM,ALL,351220,2021
2021,7,SYSTEM,ALL,107840,2021
2021,8,SYSTEM,ALL,53390,2021
2021,9,SYSTEM,ALL,38570,2021
2021,10,SYSTEM,ALL,80270,2022
2021,11,SYSTEM,ALL,326510,2022
2021,12,SYSTEM,ALL,122400,2022
2022,1,SYSTEM,ALL,158320,2022
2022,2,SYSTEM,ALL,95240,2022
2022,3,SYSTEM,ALL,200630,2022
2022,4,SYSTEM,ALL,129850,2022
2022,5,SYSTEM,ALL,313620,2022
2022,6,SYSTEM,ALL,408900,2022
2022,7,SYSTEM,ALL,155900,2022
2022,8,SYSTEM,ALL,50560,2022
2022,9,SYSTEM,ALL,35540,2022
2022,10,SYSTEM,ALL,33470,2023
2022,11,SYSTEM,ALL,103780,2023
2022,12,SYSTEM,ALL,84960,2023
2023,1,SYSTEM,ALL,77870,2023
2023,2,SYSTEM,ALL,55290,2023
2023,3,SYSTEM,ALL,46110,2023
2023,4,SYSTEM,ALL,141910,2023
2023,5,SYSTEM,ALL,443000,2023
2023,6,SYSTEM,ALL,127540,2023
2023,7,SYSTEM,ALL,61490,2023
2023,8,SYSTEM,ALL,48280,2023
2023,9,SYSTEM,ALL,41240,2023
2023,10,SYSTEM,ALL,27480,2024
2023,11,SYSTEM,ALL,91900,2024
2023,12,SYSTEM,ALL,166200,2024
2024,1,SYSTEM,ALL,92170,2024
2024,2,SYSTEM,ALL,116750,2024
2024,3,SYSTEM,ALL,119530,2024
2024,4,SYSTEM,ALL,164210,2024
2024,5,SYSTEM,ALL,217910,2024
2024,6,SYSTEM,ALL,195220,2024
2024,7,SYSTEM,ALL,83340,2024
2024,8,SYSTEM,ALL,44270,2024
2024,9,SYSTEM,ALL,32120,2024
2024,10,SYSTEM,ALL,35650,2025
2024,11,SYSTEM,ALL,82300,2025
2024,12,SYSTEM,ALL,78600,2025
2025,1,SYSTEM,ALL,67270,2025
2025,2,SYSTEM,ALL,62950,2025
2025,3,SYSTEM,ALL,209200,2025
2025,4,SYSTEM,ALL,219290,2025
2025,5,SYSTEM,ALL,248350,2025
2025,6,SYSTEM,ALL,147730,2025
2025,7,SYSTEM,ALL,55710,2025
2025,8,SYSTEM,ALL,40050,2025
2025,9,SYSTEM,ALL,15490,2025
2025,10,SYSTEM,ALL,40400,2026
2025,11,SYSTEM,ALL,171910,2026
2025,12,SYSTEM,ALL,510370,2026
2026,1,SYSTEM,ALL,162790,2026
2026,2,SYSTEM,ALL,103860,2026
2026,3,SYSTEM,ALL,311570,2026
2026,4,SYSTEM,ALL,157980,2026
2026,5,SYSTEM,ALL,163100,2026
1991,1,BUMW1,BUM,14620.159,1991
1991,2,BUMW1,BUM,29299.328,1991
1991,3,BUMW1,BUM,11956.536,1991
1991,4,BUMW1,BUM,19647.457,1991
1991,5,BUMW1,BUM,32549.007,1991
1991,6,BUMW1,BUM,34537.464,1991
1991,7,BUMW1,BUM,20002.88,1991
1991,8,BUMW1,BUM,6652.2713,1991
1991,9,BUMW1,BUM,3400.8309999999997,1991
1991,10,BUMW1,BUM,2271.6837000000005,1992
1991,11,BUMW1,BUM,10191.102,1992
1991,12,BUMW1,BUM,10006.685,1992
1992,1,BUMW1,BUM,11634.59,1992
1992,2,BUMW1,BUM,12470.917,1992
1992,3,BUMW1,BUM,18055.374,1992
1992,4,BUMW1,BUM,26941.222999999998,1992
1992,5,BUMW1,BUM,27878.376,1992
1992,6,BUMW1,BUM,9854.532000000001,1992
1992,7,BUMW1,BUM,4458.9400000000005,1992
1992,8,BUMW1,BUM,2216.0373,1992
1992,9,BUMW1,BUM,2460.2988,1992
1992,10,BUMW1,BUM,2511.6400000000003,1993
1992,11,BUMW1,BUM,4958.4637,1993
1992,12,BUMW1,BUM,3135.285,1993
1993,1,BUMW1,BUM,4666.6293,1993
1993,2,BUMW1,BUM,3897.3284000000003,1993
1993,3,BUMW1,BUM,11948.717999999999,1993
1993,4,BUMW1,BUM,16081.453,1993
1993,5,BUMW1,BUM,50469.437,1993
1993,6,BUMW1,BUM,19476.044,1993
1993,7,BUMW1,BUM,6869.0047,1993
1993,8,BUMW1,BUM,3240.0634,1993
1993,9,BUMW1,BUM,2246.0472999999997,1993
1993,10,BUMW1,BUM,1812.3015,1994
1993,11,BUMW1,BUM,1425.5922,1994
1993,12,BUMW1,BUM,3706.0807,1994
1994,1,BUMW1,BUM,6570.9,1994
1994,2,BUMW1,BUM,4072.6769999999997,1994
1994,3,BUMW1,BUM,12179.007,1994
1994,4,BUMW1,BUM,25568.136,1994
1994,5,BUMW1,BUM,35534.97,1994
1994,6,BUMW1,BUM,17772.307999999997,1994
1994,7,BUMW1,BUM,5469.282999999999,1994
1994,8,BUMW1,BUM,2591.349,1994
1994,9,BUMW1,BUM,2284.4321999999997,1994
1994,10,BUMW1,BUM,6307.521299999999,1995
1994,11,BUMW1,BUM,7131.541,1995
1994,12,BUMW1,BUM,18151.917999999998,1995
1995,1,BUMW1,BUM,15033.739000000001,1995
1995,2,BUMW1,BUM,35438.4,1995
1995,3,BUMW1,BUM,18837.395,1995
1995,4,BUMW1,BUM,14984.185,1995
1995,5,BUMW1,BUM,48215.299999999996,1995
1995,6,BUMW1,BUM,32633.396000000004,1995
1995,7,BUMW1,BUM,11292.973,1995
1995,8,BUMW1,BUM,4589.6935,1995
1995,9,BUMW1,BUM,3859.0226,1995
1995,10,BUMW1,BUM,10245.1935,1996
1995,11,BUMW1,BUM,61704.71,1996
1995,12,BUMW1,BUM,29958.136,1996
1996,1,BUMW1,BUM,27158.554,1996
1996,2,BUMW1,BUM,53037.55,1996
1996,3,BUMW1,BUM,16937.107,1996
1996,4,BUMW1,BUM,30192.602000000003,1996
1996,5,BUMW1,BUM,30334.057,1996
1996,6,BUMW1,BUM,30951.28,1996
1996,7,BUMW1,BUM,11910.308,1996
1996,8,BUMW1,BUM,6176.133,1996
1996,9,BUMW1,BUM,4708.053599999999,1996
1996,10,BUMW1,BUM,5709.528400000001,1997
1996,11,BUMW1,BUM,11886.617,1997
1996,12,BUMW1,BUM,12509.216,1997
1997,1,BUMW1,BUM,21941.434999999998,1997
1997,2,BUMW1,BUM,15655.983,1997
1997,3,BUMW1,BUM,25701.342,1997
1997,4,BUMW1,BUM,27342.134000000002,1997
1997,5,BUMW1,BUM,74344.98999999999,1997
1997,6,BUMW1,BUM,68637.79,1997
1997,7,BUMW1,BUM,34338.825,1997
1997,8,BUMW1,BUM,8049.237,1997
1997,9,BUMW1,BUM,9633.469,1997
1997,10,BUMW1,BUM,24630.182,1998
1997,11,BUMW1,BUM,17673.643,1998
1997,12,BUMW1,BUM,12759.18,1998
1998,1,BUMW1,BUM,10629.293,1998
1998,2,BUMW1,BUM,7077.3997,1998
1998,3,BUMW1,BUM,11837.621000000001,1998
1998,4,BUMW1,BUM,19799.358,1998
1998,5,BUMW1,BUM,53332.31,1998
1998,6,BUMW1,BUM,33779.713,1998
1998,7,BUMW1,BUM,9919.42,1998
1998,8,BUMW1,BUM,4778.6155,1998
1998,9,BUMW1,BUM,3185.321,1998
1998,10,BUMW1,BUM,3424.5910000000003,1999
1998,11,BUMW1,BUM,13785.268,1999
1998,12,BUMW1,BUM,21538.912,1999
1999,1,BUMW1,BUM,15685.023,1999
1999,2,BUMW1,BUM,7247.308999999999,1999
1999,3,BUMW1,BUM,7836.7796,1999
1999,4,BUMW1,BUM,13013.473,1999
1999,5,BUMW1,BUM,37598.595,1999
1999,6,BUMW1,BUM,69229.25600000001,1999
1999,7,BUMW1,BUM,54777.46,1999
1999,8,BUMW1,BUM,18804.354,1999
1999,9,BUMW1,BUM,5430.5997,1999
1999,10,BUMW1,BUM,5327.0617,2000
1999,11,BUMW1,BUM,32377.772999999997,2000
1999,12,BUMW1,BUM,19914.278,2000
2000,1,BUMW1,BUM,8619.391,2000
2000,2,BUMW1,BUM,7273.0985,2000
2000,3,BUMW1,BUM,7123.8859999999995,2000
2000,4,BUMW1,BUM,28567.957,2000
2000,5,BUMW1,BUM,40219.185000000005,2000
2000,6,BUMW1,BUM,41404.865,2000
2000,7,BUMW1,BUM,14662.099,2000
2000,8,BUMW1,BUM,5810.764,2000
2000,9,BUMW1,BUM,4859.4220000000005,2000
2000,10,BUMW1,BUM,5249.2023,2001
2000,11,BUMW1,BUM,4445.2543000000005,2001
2000,12,BUMW1,BUM,3605.3085,2001
2001,1,BUMW1,BUM,3601.9318,2001
2001,2,BUMW1,BUM,3003.597,2001
2001,3,BUMW1,BUM,6706.6917,2001
2001,4,BUMW1,BUM,12383.042,2001
2001,5,BUMW1,BUM,35867.496,2001
2001,6,BUMW1,BUM,17901.821,2001
2001,7,BUMW1,BUM,6415.4897,2001
2001,8,BUMW1,BUM,4156.407,2001
2001,9,BUMW1,BUM,2012.092,2001
2001,10,BUMW1,BUM,3462.8909000000003,2002
2001,11,BUMW1,BUM,15352.181,2002
2001,12,BUMW1,BUM,10146.143,2002
2002,1,BUMW1,BUM,23005.188000000002,2002
2002,2,BUMW1,BUM,9935.542,2002
2002,3,BUMW1,BUM,10221.034,2002
2002,4,BUMW1,BUM,24982.882,2002
2002,5,BUMW1,BUM,43321.438,2002
2002,6,BUMW1,BUM,65185.9,2002
2002,7,BUMW1,BUM,19054.35,2002
2002,8,BUMW1,BUM,6054.576,2002
2002,9,BUMW1,BUM,3494.3415999999997,2002
2002,10,BUMW1,BUM,2830.1706000000004,2003
2002,11,BUMW1,BUM,4166.308,2003
2002,12,BUMW1,BUM,5513.084400000001,2003
2003,1,BUMW1,BUM,27647.666999999998,2003
2003,2,BUMW1,BUM,16139.599,2003
2003,3,BUMW1,BUM,18211.637,2003
2003,4,BUMW1,BUM,20098.373,2003
2003,5,BUMW1,BUM,34466.92,2003
2003,6,BUMW1,BUM,29917.393,2003
2003,7,BUMW1,BUM,7010.700999999999,2003
2003,8,BUMW1,BUM,3887.466,2003
2003,9,BUMW1,BUM,2834.7306,2003
2003,10,BUMW1,BUM,7010.645399999999,2004
2003,11,BUMW1,BUM,12187.386,2004
2003,12,BUMW1,BUM,9096.449,2004
2004,1,BUMW1,BUM,9128.631000000001,2004
2004,2,BUMW1,BUM,7941.6895,2004
2004,3,BUMW1,BUM,12276.769,2004
2004,4,BUMW1,BUM,26890.928,2004
2004,5,BUMW1,BUM,37782.265,2004
2004,6,BUMW1,BUM,23998.247,2004
2004,7,BUMW1,BUM,7573.262,2004
2004,8,BUMW1,BUM,5148.0665,2004
2004,9,BUMW1,BUM,6132.7480000000005,2004
2004,10,BUMW1,BUM,5793.576,2005
2004,11,BUMW1,BUM,9405.872000000001,2005
2004,12,BUMW1,BUM,16683.104999999996,2005
2005,1,BUMW1,BUM,25823.232999999997,2005
2005,2,BUMW1,BUM,7985.682000000001,2005
2005,3,BUMW1,BUM,7840.0464,2005
2005,4,BUMW1,BUM,17500.077999999998,2005
2005,5,BUMW1,BUM,22435.738,2005
2005,6,BUMW1,BUM,8418.376,2005
2005,7,BUMW1,BUM,4475.304,2005
2005,8,BUMW1,BUM,2751.9139999999998,2005
2005,9,BUMW1,BUM,2939.5818999999997,2005
2005,10,BUMW1,BUM,4093.395,2006
2005,11,BUMW1,BUM,7191.63,2006
2005,12,BUMW1,BUM,16616.37,2006
2006,1,BUMW1,BUM,25242.62,2006
2006,2,BUMW1,BUM,10237.5765,2006
2006,3,BUMW1,BUM,6762.217,2006
2006,4,BUMW1,BUM,16544.937,2006
2006,5,BUMW1,BUM,60973.494999999995,2006
2006,6,BUMW1,BUM,52417.233,2006
2006,7,BUMW1,BUM,11988.478000000001,2006
2006,8,BUMW1,BUM,5287.692,2006
2006,9,BUMW1,BUM,4089.7690000000002,2006
2006,10,BUMW1,BUM,3516.1955000000003,2007
2006,11,BUMW1,BUM,45260.544,2007
2006,12,BUMW1,BUM,14325.641,2007
2007,1,BUMW1,BUM,12876.761999999999,2007
2007,2,BUMW1,BUM,10937.13,2007
2007,3,BUMW1,BUM,37911.746999999996,2007
2007,4,BUMW1,BUM,22145.931,2007
2007,5,BUMW1,BUM,43338.028,2007
2007,6,BUMW1,BUM,29956.69,2007
2007,7,BUMW1,BUM,9376.499000000002,2007
2007,8,BUMW1,BUM,4149.097400000001,2007
2007,9,BUMW1,BUM,3618.369,2007
2007,10,BUMW1,BUM,6694.161400000001,2008
2007,11,BUMW1,BUM,10833.117,2008
2007,12,BUMW1,BUM,22109.116,2008
2008,1,BUMW1,BUM,6910.740400000001,2008
2008,2,BUMW1,BUM,5054.4349999999995,2008
2008,3,BUMW1,BUM,5674.4595,2008
2008,4,BUMW1,BUM,7600.9746,2008
2008,5,BUMW1,BUM,56977.939999999995,2008
2008,6,BUMW1,BUM,48348.896,2008
2008,7,BUMW1,BUM,23259.071,2008
2008,8,BUMW1,BUM,6687.0894,2008
2008,9,BUMW1,BUM,4445.5895,2008
2008,10,BUMW1,BUM,4004.963399999999,2009
2008,11,BUMW1,BUM,20773.733,2009
2008,12,BUMW1,BUM,7357.815700000001,2009
2009,1,BUMW1,BUM,20804.394,2009
2009,2,BUMW1,BUM,6313.4837,2009
2009,3,BUMW1,BUM,6160.1954000000005,2009
2009,4,BUMW1,BUM,14179.548999999999,2009
2009,5,BUMW1,BUM,49437.44,2009
2009,6,BUMW1,BUM,42193.75,2009
2009,7,BUMW1,BUM,10445.594,2009
2009,8,BUMW1,BUM,4692.792400000001,2009
2009,9,BUMW1,BUM,4245.5144,2009
2009,10,BUMW1,BUM,6335.834999999999,2010
2009,11,BUMW1,BUM,13748.487000000001,2010
2009,12,BUMW1,BUM,10698.432999999999,2010
2010,1,BUMW1,BUM,13623.369999999999,2010
2010,2,BUMW1,BUM,7460.4106,2010
2010,3,BUMW1,BUM,8856.607,2010
2010,4,BUMW1,BUM,14916.595999999998,2010
2010,5,BUMW1,BUM,33301.75399999999,2010
2010,6,BUMW1,BUM,49691.380000000005,2010
2010,7,BUMW1,BUM,18513.552,2010
2010,8,BUMW1,BUM,6302.8193,2010
2010,9,BUMW1,BUM,5733.6693,2010
2010,10,BUMW1,BUM,7021.967999999999,2011
2010,11,BUMW1,BUM,16601.84,2011
2010,12,BUMW1,BUM,15881.444,2011
2011,1,BUMW1,BUM,30298.037,2011
2011,2,BUMW1,BUM,12235.67,2011
2011,3,BUMW1,BUM,11940.718,2011
2011,4,BUMW1,BUM,16301.560000000001,2011
2011,5,BUMW1,BUM,36050.728,2011
2011,6,BUMW1,BUM,61125.74,2011
2011,7,BUMW1,BUM,38976.913,2011
2011,8,BUMW1,BUM,12479.2385,2011
2011,9,BUMW1,BUM,6697.2785,2011
2011,10,BUMW1,BUM,8439.211,2012
2011,11,BUMW1,BUM,10914.864,2012
2011,12,BUMW1,BUM,10540.791000000001,2012
2012,1,BUMW1,BUM,12615.0875,2012
2012,2,BUMW1,BUM,11506.036,2012
2012,3,BUMW1,BUM,10139.699999999999,2012
2012,4,BUMW1,BUM,29446.722,2012
2012,5,BUMW1,BUM,52025.08,2012
2012,6,BUMW1,BUM,52846.31,2012
2012,7,BUMW1,BUM,31956.581,2012
2012,8,BUMW1,BUM,8002.4490000000005,2012
2012,9,BUMW1,BUM,4536.9169999999995,2012
2012,10,BUMW1,BUM,12318.896,2013
2012,11,BUMW1,BUM,23365.421000000002,2013
2012,12,BUMW1,BUM,15321.969,2013
2013,1,BUMW1,BUM,7322.070599999999,2013
2013,2,BUMW1,BUM,5683.5199999999995,2013
2013,3,BUMW1,BUM,10951.100999999999,2013
2013,4,BUMW1,BUM,26808.565000000002,2013
2013,5,BUMW1,BUM,48732.479999999996,2013
2013,6,BUMW1,BUM,29910.768999999997,2013
2013,7,BUMW1,BUM,9789.865000000002,2013
2013,8,BUMW1,BUM,5296.498299999999,2013
2013,9,BUMW1,BUM,8958.057,2013
2013,10,BUMW1,BUM,9956.497000000001,2014
2013,11,BUMW1,BUM,14674.543,2014
2013,12,BUMW1,BUM,12531.575,2014
2014,1,BUMW1,BUM,9697.463000000002,2014
2014,2,BUMW1,BUM,8453.096,2014
2014,3,BUMW1,BUM,30028.148999999998,2014
2014,4,BUMW1,BUM,24225.153,2014
2014,5,BUMW1,BUM,52021.43,2014
2014,6,BUMW1,BUM,34599.92600000001,2014
2014,7,BUMW1,BUM,14494.197,2014
2014,8,BUMW1,BUM,6669.1437000000005,2014
2014,9,BUMW1,BUM,3678.9124,2014
2014,10,BUMW1,BUM,11558.661,2015
2014,11,BUMW1,BUM,25361.643,2015
2014,12,BUMW1,BUM,23592.209,2015
2015,1,BUMW1,BUM,26541.483000000004,2015
2015,2,BUMW1,BUM,28194.165999999997,2015
2015,3,BUMW1,BUM,21321.903,2015
2015,4,BUMW1,BUM,12427.461,2015
2015,5,BUMW1,BUM,14591.925,2015
2015,6,BUMW1,BUM,5501.7276,2015
2015,7,BUMW1,BUM,2891.0372,2015
2015,8,BUMW1,BUM,2368.1730000000002,2015
2015,9,BUMW1,BUM,2415.2906000000003,2015
2015,10,BUMW1,BUM,7872.4318,2016
2015,11,BUMW1,BUM,29526.392,2016
2015,12,BUMW1,BUM,35084.553,2016
2016,1,BUMW1,BUM,12156.943,2016
2016,2,BUMW1,BUM,25109.241,2016
2016,3,BUMW1,BUM,20400.818,2016
2016,4,BUMW1,BUM,43390.700000000004,2016
2016,5,BUMW1,BUM,43319.26,2016
2016,6,BUMW1,BUM,17972.036,2016
2016,7,BUMW1,BUM,6752.316499999999,2016
2016,8,BUMW1,BUM,3458.9796,2016
2016,9,BUMW1,BUM,3094.6515,2016
2016,10,BUMW1,BUM,24320.19,2017
2016,11,BUMW1,BUM,22617.985,2017
2016,12,BUMW1,BUM,8153.862,2017
2017,1,BUMW1,BUM,8288.839,2017
2017,2,BUMW1,BUM,19196.48,2017
2017,3,BUMW1,BUM,34608.87,2017
2017,4,BUMW1,BUM,24993.59,2017
2017,5,BUMW1,BUM,67195.04999999999,2017
2017,6,BUMW1,BUM,49341.843,2017
2017,7,BUMW1,BUM,11529.193,2017
2017,8,BUMW1,BUM,4215.0025,2017
2017,9,BUMW1,BUM,3491.2994,2017
2017,10,BUMW1,BUM,11198.872,2018
2017,11,BUMW1,BUM,27026.619,2018
2017,12,BUMW1,BUM,14895.017,2018
2018,1,BUMW1,BUM,16269.274,2018
2018,2,BUMW1,BUM,16395.033,2018
2018,3,BUMW1,BUM,7973.588499999999,2018
2018,4,BUMW1,BUM,19657.934,2018
2018,5,BUMW1,BUM,63550.23,2018
2018,6,BUMW1,BUM,23830.210000000003,2018
2018,7,BUMW1,BUM,7107.057000000001,2018
2018,8,BUMW1,BUM,3697.521,2018
2018,9,BUMW1,BUM,3002.6068999999998,2018
2018,10,BUMW1,BUM,3995.5389999999998,2019
2018,11,BUMW1,BUM,8281.422,2019
2018,12,BUMW1,BUM,8518.614,2019
2019,1,BUMW1,BUM,9851.198,2019
2019,2,BUMW1,BUM,6676.4664999999995,2019
2019,3,BUMW1,BUM,4939.4894,2019
2019,4,BUMW1,BUM,20770.267,2019
2019,5,BUMW1,BUM,42275.490000000005,2019
2019,6,BUMW1,BUM,19222.704,2019
2019,7,BUMW1,BUM,4789.827,2019
2019,8,BUMW1,BUM,2472.2667,2019
2019,9,BUMW1,BUM,2899.8208,2019
2019,10,BUMW1,BUM,5164.048999999999,2020
2019,11,BUMW1,BUM,4212.5044,2020
2019,12,BUMW1,BUM,12209.943000000001,2020
2020,1,BUMW1,BUM,17062.857,2020
2020,2,BUMW1,BUM,20530.172,2020
2020,3,BUMW1,BUM,7686.0943,2020
2020,4,BUMW1,BUM,22746.086,2020
2020,5,BUMW1,BUM,51478.413,2020
2020,6,BUMW1,BUM,37274.048,2020
2020,7,BUMW1,BUM,10820.331,2020
2020,8,BUMW1,BUM,4707.077,2020
2020,9,BUMW1,BUM,2817.795,2020
2020,10,BUMW1,BUM,8310,2021
2020,11,BUMW1,BUM,10520,2021
2020,12,BUMW1,BUM,12590,2021
2021,1,BUMW1,BUM,20430,2021
2021,2,BUMW1,BUM,7910,2021
2021,3,BUMW1,BUM,6240,2021
2021,4,BUMW1,BUM,16890,2021
2021,5,BUMW1,BUM,43250,2021
2021,6,BUMW1,BUM,46400,2021
2021,7,BUMW1,BUM,10860,2021
2021,8,BUMW1,BUM,4170,2021
2021,9,BUMW1,BUM,-1200,2021
2021,10,BUMW1,BUM,7840,2022
2021,11,BUMW1,BUM,38660,2022
2021,12,BUMW1,BUM,23240,2022
2022,1,BUMW1,BUM,19980,2022
2022,2,BUMW1,BUM,12800,2022
2022,3,BUMW1,BUM,27700,2022
2022,4,BUMW1,BUM,16020,2022
2022,5,BUMW1,BUM,40420,2022
2022,6,BUMW1,BUM,54190,2022
2022,7,BUMW1,BUM,16350.000000000002,2022
2022,8,BUMW1,BUM,5700,2022
2022,9,BUMW1,BUM,3840,2022
2022,10,BUMW1,BUM,5200,2023
2022,11,BUMW1,BUM,9340,2023
2022,12,BUMW1,BUM,15690,2023
2023,1,BUMW1,BUM,10640,2023
2023,2,BUMW1,BUM,5420,2023
2023,3,BUMW1,BUM,4480,2023
2023,4,BUMW1,BUM,13640,2023
2023,5,BUMW1,BUM,57910,2023
2023,6,BUMW1,BUM,16149.999999999998,2023
2023,7,BUMW1,BUM,4270,2023
2023,8,BUMW1,BUM,4080,2023
2023,9,BUMW1,BUM,2810,2023
2023,10,BUMW1,BUM,3250,2024
2023,11,BUMW1,BUM,11580,2024
2023,12,BUMW1,BUM,24240,2024
2024,1,BUMW1,BUM,14560,2024
2024,2,BUMW1,BUM,15050,2024
2024,3,BUMW1,BUM,11930,2024
2024,4,BUMW1,BUM,19130,2024
2024,5,BUMW1,BUM,29400,2024
2024,6,BUMW1,BUM,26910,2024
2024,7,BUMW1,BUM,6440,2024
2024,8,BUMW1,BUM,3490,2024
2024,9,BUMW1,BUM,2420,2024
2024,10,BUMW1,BUM,2970,2025
2024,11,BUMW1,BUM,6270,2025
2024,12,BUMW1,BUM,9510,2025
2025,1,BUMW1,BUM,7030,2025
2025,2,BUMW1,BUM,7830,2025
2025,3,BUMW1,BUM,20220,2025
2025,4,BUMW1,BUM,27300,2025
2025,5,BUMW1,BUM,35860,2025
2025,6,BUMW1,BUM,19390,2025
2025,7,BUMW1,BUM,4660,2025
2025,8,BUMW1,BUM,2520,2025
2025,9,BUMW1,BUM,1930,2025
2025,10,BUMW1,BUM,3620,2026
2025,11,BUMW1,BUM,21520,2026
2025,12,BUMW1,BUM,55570,2026
2026,1,BUMW1,BUM,13040,2026
2026,2,BUMW1,BUM,13160,2026
2026,3,BUMW1,BUM,32549.999999999996,2026
2026,4,BUMW1,BUM,23610,2026
2026,5,BUMW1,BUM,25740,2026
1991,1,CLEW1,CLE,47842.655,1991
1991,2,CLEW1,CLE,77163.36,1991
1991,3,CLEW1,CLE,32077.106,1991
1991,4,CLEW1,CLE,81590.64000000001,1991
1991,5,CLEW1,CLE,126072.77,1991
1991,6,CLEW1,CLE,110834.7,1991
1991,7,CLEW1,CLE,85387,1991
1991,8,CLEW1,CLE,30357.958,1991
1991,9,CLEW1,CLE,10452.653,1991
1991,10,CLEW1,CLE,6208.926,1992
1991,11,CLEW1,CLE,34546.295,1992
1991,12,CLEW1,CLE,47968.388,1992
1992,1,CLEW1,CLE,41113.590000000004,1992
1992,2,CLEW1,CLE,41200.99600000001,1992
1992,3,CLEW1,CLE,69819.27500000001,1992
1992,4,CLEW1,CLE,87880.455,1992
1992,5,CLEW1,CLE,101755.87,1992
1992,6,CLEW1,CLE,46945.29,1992
1992,7,CLEW1,CLE,20561.789999999997,1992
1992,8,CLEW1,CLE,10309.644,1992
1992,9,CLEW1,CLE,16114.142999999998,1992
1992,10,CLEW1,CLE,11562.075,1993
1992,11,CLEW1,CLE,26079.793999999998,1993
1992,12,CLEW1,CLE,18115.978,1993
1993,1,CLEW1,CLE,23552.355,1993
1993,2,CLEW1,CLE,16817.625,1993
1993,3,CLEW1,CLE,40710.57,1993
1993,4,CLEW1,CLE,67410.13,1993
1993,5,CLEW1,CLE,171771.67,1993
1993,6,CLEW1,CLE,67657.04000000001,1993
1993,7,CLEW1,CLE,26614.641,1993
1993,8,CLEW1,CLE,11974.903,1993
1993,9,CLEW1,CLE,5591.983,1993
1993,10,CLEW1,CLE,6019.013400000001,1994
1993,11,CLEW1,CLE,8726.866000000002,1994
1993,12,CLEW1,CLE,12901.847,1994
1994,1,CLEW1,CLE,23260.788,1994
1994,2,CLEW1,CLE,14792.04,1994
1994,3,CLEW1,CLE,50560.94,1994
1994,4,CLEW1,CLE,104880.45,1994
1994,5,CLEW1,CLE,121485.8,1994
1994,6,CLEW1,CLE,59767.73000000001,1994
1994,7,CLEW1,CLE,31460.642,1994
1994,8,CLEW1,CLE,9805.346500000001,1994
1994,9,CLEW1,CLE,8304.467,1994
1994,10,CLEW1,CLE,20059.175,1995
1994,11,CLEW1,CLE,29152.563000000002,1995
1994,12,CLEW1,CLE,41079.678,1995
1995,1,CLEW1,CLE,31521.494,1995
1995,2,CLEW1,CLE,94064.75,1995
1995,3,CLEW1,CLE,53870.045,1995
1995,4,CLEW1,CLE,63229.009999999995,1995
1995,5,CLEW1,CLE,180430.28,1995
1995,6,CLEW1,CLE,99121.666,1995
1995,7,CLEW1,CLE,47285.324,1995
1995,8,CLEW1,CLE,19777.412,1995
1995,9,CLEW1,CLE,8129.98,1995
1995,10,CLEW1,CLE,52580.689999999995,1996
1995,11,CLEW1,CLE,216524.66999999998,1996
1995,12,CLEW1,CLE,67166.885,1996
1996,1,CLEW1,CLE,71838.44,1996
1996,2,CLEW1,CLE,109074.24,1996
1996,3,CLEW1,CLE,52959.423,1996
1996,4,CLEW1,CLE,104102.65,1996
1996,5,CLEW1,CLE,101921.08,1996
1996,6,CLEW1,CLE,108610.09,1996
1996,7,CLEW1,CLE,61945.087,1996
1996,8,CLEW1,CLE,22803.316,1996
1996,9,CLEW1,CLE,11110.844000000001,1996
1996,10,CLEW1,CLE,21758.882999999998,1997
1996,11,CLEW1,CLE,47510.23499999999,1997
1996,12,CLEW1,CLE,31121.489,1997
1997,1,CLEW1,CLE,42818.134,1997
1997,2,CLEW1,CLE,45489.933,1997
1997,3,CLEW1,CLE,82046.425,1997
1997,4,CLEW1,CLE,99963.00499999999,1997
1997,5,CLEW1,CLE,232511.72000000006,1997
1997,6,CLEW1,CLE,194296.59,1997
1997,7,CLEW1,CLE,109493.35,1997
1997,8,CLEW1,CLE,33581.364,1997
1997,9,CLEW1,CLE,26467.552,1997
1997,10,CLEW1,CLE,74459.16,1998
1997,11,CLEW1,CLE,49424.22,1998
1997,12,CLEW1,CLE,23051.012,1998
1998,1,CLEW1,CLE,25669.68,1998
1998,2,CLEW1,CLE,21413.584,1998
1998,3,CLEW1,CLE,45020.138000000006,1998
1998,4,CLEW1,CLE,77985.48000000001,1998
1998,5,CLEW1,CLE,156562.97,1998
1998,6,CLEW1,CLE,90893.25,1998
1998,7,CLEW1,CLE,35769.12700000001,1998
1998,8,CLEW1,CLE,13483.852,1998
1998,9,CLEW1,CLE,3556.0741,1998
1998,10,CLEW1,CLE,8845.061999999998,1999
1998,11,CLEW1,CLE,40510.574,1999
1998,12,CLEW1,CLE,52105.835,1999
1999,1,CLEW1,CLE,65859.65999999999,1999
1999,2,CLEW1,CLE,24694.693,1999
1999,3,CLEW1,CLE,25875.816,1999
1999,4,CLEW1,CLE,60357.337999999996,1999
1999,5,CLEW1,CLE,142520.37000000002,1999
1999,6,CLEW1,CLE,221224.3,1999
1999,7,CLEW1,CLE,143818.47999999998,1999
1999,8,CLEW1,CLE,59169.06,1999
1999,9,CLEW1,CLE,12623.108,1999
1999,10,CLEW1,CLE,18680.264000000003,2000
1999,11,CLEW1,CLE,92184.81,2000
1999,12,CLEW1,CLE,76984.68000000001,2000
2000,1,CLEW1,CLE,21287.964,2000
2000,2,CLEW1,CLE,13087.721,2000
2000,3,CLEW1,CLE,21670.603,2000
2000,4,CLEW1,CLE,101903.95,2000
2000,5,CLEW1,CLE,132964.9,2000
2000,6,CLEW1,CLE,127680.40000000001,2000
2000,7,CLEW1,CLE,46693.012,2000
2000,8,CLEW1,CLE,11779.72,2000
2000,9,CLEW1,CLE,16857.267,2000
2000,10,CLEW1,CLE,20656.403000000002,2001
2000,11,CLEW1,CLE,11213.5935,2001
2000,12,CLEW1,CLE,7893.2137,2001
2001,1,CLEW1,CLE,10234.941499999999,2001
2001,2,CLEW1,CLE,7355.496400000001,2001
2001,3,CLEW1,CLE,28839.111,2001
2001,4,CLEW1,CLE,55674.976,2001
2001,5,CLEW1,CLE,118950.54000000001,2001
2001,6,CLEW1,CLE,56492.28999999999,2001
2001,7,CLEW1,CLE,28689.032,2001
2001,8,CLEW1,CLE,11263.3,2001
2001,9,CLEW1,CLE,6221.293000000001,2001
2001,10,CLEW1,CLE,21456.285,2002
2001,11,CLEW1,CLE,64998.886,2002
2001,12,CLEW1,CLE,31945.497999999996,2002
2002,1,CLEW1,CLE,55334.534,2002
2002,2,CLEW1,CLE,27385.756,2002
2002,3,CLEW1,CLE,30768.25,2002
2002,4,CLEW1,CLE,91044.365,2002
2002,5,CLEW1,CLE,148152.68,2002
2002,6,CLEW1,CLE,195847.64,2002
2002,7,CLEW1,CLE,77808.14000000001,2002
2002,8,CLEW1,CLE,22993.615999999998,2002
2002,9,CLEW1,CLE,8010.532000000001,2002
2002,10,CLEW1,CLE,5488.451999999999,2003
2002,11,CLEW1,CLE,14725.934000000001,2003
2002,12,CLEW1,CLE,14388.354,2003
2003,1,CLEW1,CLE,49938.087,2003
2003,2,CLEW1,CLE,40531.74600000001,2003
2003,3,CLEW1,CLE,64130.740000000005,2003
2003,4,CLEW1,CLE,67986.8,2003
2003,5,CLEW1,CLE,111040.71,2003
2003,6,CLEW1,CLE,100158.56,2003
2003,7,CLEW1,CLE,38469.54,2003
2003,8,CLEW1,CLE,18711.804999999997,2003
2003,9,CLEW1,CLE,9084.405999999999,2003
2003,10,CLEW1,CLE,46354.465000000004,2004
2003,11,CLEW1,CLE,66481.19,2004
2003,12,CLEW1,CLE,30418.164999999997,2004
2004,1,CLEW1,CLE,25144.825,2004
2004,2,CLEW1,CLE,23233.3,2004
2004,3,CLEW1,CLE,56392.00200000001,2004
2004,4,CLEW1,CLE,97196.75,2004
2004,5,CLEW1,CLE,114822.65,2004
2004,6,CLEW1,CLE,75672.966,2004
2004,7,CLEW1,CLE,33425.32,2004
2004,8,CLEW1,CLE,29976.359999999997,2004
2004,9,CLEW1,CLE,33747.76,2004
2004,10,CLEW1,CLE,24554.860999999997,2005
2004,11,CLEW1,CLE,51502.144,2005
2004,12,CLEW1,CLE,64387.955,2005
2005,1,CLEW1,CLE,87222.4,2005
2005,2,CLEW1,CLE,27523.717999999997,2005
2005,3,CLEW1,CLE,30276.299000000003,2005
2005,4,CLEW1,CLE,58315.613,2005
2005,5,CLEW1,CLE,69310.3,2005
2005,6,CLEW1,CLE,32428.974,2005
2005,7,CLEW1,CLE,23637.018,2005
2005,8,CLEW1,CLE,13525.229,2005
2005,9,CLEW1,CLE,8652.412,2005
2005,10,CLEW1,CLE,20333.507999999998,2006
2005,11,CLEW1,CLE,27337.266999999996,2006
2005,12,CLEW1,CLE,34437.05,2006
2006,1,CLEW1,CLE,51377.674,2006
2006,2,CLEW1,CLE,21731.527,2006
2006,3,CLEW1,CLE,18195.732,2006
2006,4,CLEW1,CLE,71498.42,2006
2006,5,CLEW1,CLE,185098.68,2006
2006,6,CLEW1,CLE,151459.15,2006
2006,7,CLEW1,CLE,48350.212,2006
2006,8,CLEW1,CLE,14674.276999999998,2006
2006,9,CLEW1,CLE,5377.7456,2006
2006,10,CLEW1,CLE,6488.165,2007
2006,11,CLEW1,CLE,125915.35,2007
2006,12,CLEW1,CLE,25970.478,2007
2007,1,CLEW1,CLE,38539.85,2007
2007,2,CLEW1,CLE,36534.42,2007
2007,3,CLEW1,CLE,116741.18,2007
2007,4,CLEW1,CLE,75811.75,2007
2007,5,CLEW1,CLE,139978.91,2007
2007,6,CLEW1,CLE,96004.13,2007
2007,7,CLEW1,CLE,47163.53,2007
2007,8,CLEW1,CLE,18026.471999999998,2007
2007,9,CLEW1,CLE,6483.9980000000005,2007
2007,10,CLEW1,CLE,23437.424,2008
2007,11,CLEW1,CLE,24868.246,2008
2007,12,CLEW1,CLE,50390.907,2008
2008,1,CLEW1,CLE,15960.747,2008
2008,2,CLEW1,CLE,16480.81,2008
2008,3,CLEW1,CLE,23508.811999999998,2008
2008,4,CLEW1,CLE,34741.753000000004,2008
2008,5,CLEW1,CLE,206380.97999999998,2008
2008,6,CLEW1,CLE,137830.91999999998,2008
2008,7,CLEW1,CLE,69861.35,2008
2008,8,CLEW1,CLE,29408.215999999997,2008
2008,9,CLEW1,CLE,9871.927,2008
2008,10,CLEW1,CLE,14504.574,2009
2008,11,CLEW1,CLE,86490.01,2009
2008,12,CLEW1,CLE,29118.755,2009
2009,1,CLEW1,CLE,83497.734,2009
2009,2,CLEW1,CLE,15012.841999999999,2009
2009,3,CLEW1,CLE,18690.933,2009
2009,4,CLEW1,CLE,59895.615,2009
2009,5,CLEW1,CLE,150019.2,2009
2009,6,CLEW1,CLE,119223.07,2009
2009,7,CLEW1,CLE,40101.357,2009
2009,8,CLEW1,CLE,18560.518,2009
2009,9,CLEW1,CLE,8864.506000000001,2009
2009,10,CLEW1,CLE,31581.373,2010
2009,11,CLEW1,CLE,42198.36,2010
2009,12,CLEW1,CLE,23631.264000000003,2010
2010,1,CLEW1,CLE,29248.476,2010
2010,2,CLEW1,CLE,21329.097999999998,2010
2010,3,CLEW1,CLE,33845.653999999995,2010
2010,4,CLEW1,CLE,60654.43000000001,2010
2010,5,CLEW1,CLE,115444.99,2010
2010,6,CLEW1,CLE,141288.66999999998,2010
2010,7,CLEW1,CLE,61255.363000000005,2010
2010,8,CLEW1,CLE,26210.78,2010
2010,9,CLEW1,CLE,21068.479999999996,2010
2010,10,CLEW1,CLE,20961.304,2011
2010,11,CLEW1,CLE,48525.03,2011
2010,12,CLEW1,CLE,46229.523,2011
2011,1,CLEW1,CLE,104394.23,2011
2011,2,CLEW1,CLE,45505.454999999994,2011
2011,3,CLEW1,CLE,44542.212999999996,2011
2011,4,CLEW1,CLE,54763.869999999995,2011
2011,5,CLEW1,CLE,130732.56999999998,2011
2011,6,CLEW1,CLE,165345.23,2011
2011,7,CLEW1,CLE,96151.30600000001,2011
2011,8,CLEW1,CLE,35128.536,2011
2011,9,CLEW1,CLE,14411.953000000001,2011
2011,10,CLEW1,CLE,27344.273,2012
2011,11,CLEW1,CLE,21477.175,2012
2011,12,CLEW1,CLE,25209.175,2012
2012,1,CLEW1,CLE,32758.163000000004,2012
2012,2,CLEW1,CLE,34542.053,2012
2012,3,CLEW1,CLE,29630.724000000002,2012
2012,4,CLEW1,CLE,101956.01999999999,2012
2012,5,CLEW1,CLE,166603.65,2012
2012,6,CLEW1,CLE,160170.19999999998,2012
2012,7,CLEW1,CLE,102697.13,2012
2012,8,CLEW1,CLE,32202.877,2012
2012,9,CLEW1,CLE,9045.202,2012
2012,10,CLEW1,CLE,40879.566,2013
2012,11,CLEW1,CLE,55949.84399999999,2013
2012,12,CLEW1,CLE,34510.26500000001,2013
2013,1,CLEW1,CLE,16984.61,2013
2013,2,CLEW1,CLE,17348.579999999998,2013
2013,3,CLEW1,CLE,46682.945,2013
2013,4,CLEW1,CLE,98460.97,2013
2013,5,CLEW1,CLE,158238.16000000003,2013
2013,6,CLEW1,CLE,102828.18000000001,2013
2013,7,CLEW1,CLE,45644.020000000004,2013
2013,8,CLEW1,CLE,18870.352,2013
2013,9,CLEW1,CLE,20278.744,2013
2013,10,CLEW1,CLE,29695.746999999996,2014
2013,11,CLEW1,CLE,40219.975,2014
2013,12,CLEW1,CLE,35387.283,2014
2014,1,CLEW1,CLE,35466.496,2014
2014,2,CLEW1,CLE,20244.66,2014
2014,3,CLEW1,CLE,75230.93000000001,2014
2014,4,CLEW1,CLE,82156.45999999999,2014
2014,5,CLEW1,CLE,165417.07,2014
2014,6,CLEW1,CLE,114166.29000000001,2014
2014,7,CLEW1,CLE,60110.027,2014
2014,8,CLEW1,CLE,23896.461,2014
2014,9,CLEW1,CLE,11816.749,2014
2014,10,CLEW1,CLE,38589.793999999994,2015
2014,11,CLEW1,CLE,95087.73,2015
2014,12,CLEW1,CLE,61016.03999999999,2015
2015,1,CLEW1,CLE,76079.926,2015
2015,2,CLEW1,CLE,70098.4,2015
2015,3,CLEW1,CLE,62358.049999999996,2015
2015,4,CLEW1,CLE,42156.834,2015
2015,5,CLEW1,CLE,50114.01,2015
2015,6,CLEW1,CLE,24945.423000000003,2015
2015,7,CLEW1,CLE,12892.337,2015
2015,8,CLEW1,CLE,10296.166,2015
2015,9,CLEW1,CLE,8300.592,2015
2015,10,CLEW1,CLE,32700.64,2016
2015,11,CLEW1,CLE,115116.94,2016
2015,12,CLEW1,CLE,75703.93,2016
2016,1,CLEW1,CLE,26333.858000000004,2016
2016,2,CLEW1,CLE,81218.48,2016
2016,3,CLEW1,CLE,58146.038,2016
2016,4,CLEW1,CLE,146990.31000000003,2016
2016,5,CLEW1,CLE,136274.30000000002,2016
2016,6,CLEW1,CLE,72376.74,2016
2016,7,CLEW1,CLE,36369.648,2016
2016,8,CLEW1,CLE,18378.448,2016
2016,9,CLEW1,CLE,8758.521999999999,2016
2016,10,CLEW1,CLE,66286.65,2017
2016,11,CLEW1,CLE,56259.388,2017
2016,12,CLEW1,CLE,25503.616,2017
2017,1,CLEW1,CLE,12742.567,2017
2017,2,CLEW1,CLE,13328.952,2017
2017,3,CLEW1,CLE,64580.51999999999,2017
2017,4,CLEW1,CLE,81460.58,2017
2017,5,CLEW1,CLE,194029.27,2017
2017,6,CLEW1,CLE,118394.394,2017
2017,7,CLEW1,CLE,45396.927,2017
2017,8,CLEW1,CLE,22186.905,2017
2017,9,CLEW1,CLE,8222.339,2017
2017,10,CLEW1,CLE,39495.45,2018
2017,11,CLEW1,CLE,75767.31999999999,2018
2017,12,CLEW1,CLE,34762.432,2018
2018,1,CLEW1,CLE,35573.753000000004,2018
2018,2,CLEW1,CLE,58209.84,2018
2018,3,CLEW1,CLE,26659.272999999997,2018
2018,4,CLEW1,CLE,90674.3,2018
2018,5,CLEW1,CLE,227900.92,2018
2018,6,CLEW1,CLE,81433.67,2018
2018,7,CLEW1,CLE,40187.523,2018
2018,8,CLEW1,CLE,20962.032,2018
2018,9,CLEW1,CLE,6614.938300000001,2018
2018,10,CLEW1,CLE,15116.638,2019
2018,11,CLEW1,CLE,55078.09399999999,2019
2018,12,CLEW1,CLE,33654.778,2019
2019,1,CLEW1,CLE,41076.286,2019
2019,2,CLEW1,CLE,19920.708000000002,2019
2019,3,CLEW1,CLE,23587.696,2019
2019,4,CLEW1,CLE,90313.71,2019
2019,5,CLEW1,CLE,129115.23,2019
2019,6,CLEW1,CLE,63214.350000000006,2019
2019,7,CLEW1,CLE,31927.639000000003,2019
2019,8,CLEW1,CLE,16814.726,2019
2019,9,CLEW1,CLE,10415.5245,2019
2019,10,CLEW1,CLE,39294.562999999995,2020
2019,11,CLEW1,CLE,20958.605,2020
2019,12,CLEW1,CLE,33716.86,2020
2020,1,CLEW1,CLE,75366.29999999999,2020
2020,2,CLEW1,CLE,79329.28000000001,2020
2020,3,CLEW1,CLE,29066.359999999997,2020
2020,4,CLEW1,CLE,83264.91500000001,2020
2020,5,CLEW1,CLE,150896.07,2020
2020,6,CLEW1,CLE,100367.23999999999,2020
2020,7,CLEW1,CLE,48705.856,2020
2020,8,CLEW1,CLE,23836.426,2020
2020,9,CLEW1,CLE,14846.368999999999,2020
2020,10,CLEW1,CLE,50920,2021
2020,11,CLEW1,CLE,54110,2021
2020,12,CLEW1,CLE,37380,2021
2021,1,CLEW1,CLE,45720,2021
2021,2,CLEW1,CLE,33140,2021
2021,3,CLEW1,CLE,28780,2021
2021,4,CLEW1,CLE,82530,2021
2021,5,CLEW1,CLE,155510,2021
2021,6,CLEW1,CLE,157260,2021
2021,7,CLEW1,CLE,51890,2021
2021,8,CLEW1,CLE,22950,2021
2021,9,CLEW1,CLE,12000,2021
2021,10,CLEW1,CLE,25310,2022
2021,11,CLEW1,CLE,130020.00000000001,2022
2021,12,CLEW1,CLE,45120,2022
2022,1,CLEW1,CLE,50580,2022
2022,2,CLEW1,CLE,34400,2022
2022,3,CLEW1,CLE,72380,2022
2022,4,CLEW1,CLE,47890,2022
2022,5,CLEW1,CLE,128270.00000000001,2022
2022,6,CLEW1,CLE,178890,2022
2022,7,CLEW1,CLE,72940,2022
2022,8,CLEW1,CLE,17230,2022
2022,9,CLEW1,CLE,6080,2022
2022,10,CLEW1,CLE,5610,2023
2022,11,CLEW1,CLE,39030,2023
2022,12,CLEW1,CLE,23730,2023
2023,1,CLEW1,CLE,26990,2023
2023,2,CLEW1,CLE,19100,2023
2023,3,CLEW1,CLE,16320,2023
2023,4,CLEW1,CLE,58610,2023
2023,5,CLEW1,CLE,189270,2023
2023,6,CLEW1,CLE,43230,2023
2023,7,CLEW1,CLE,25340,2023
2023,8,CLEW1,CLE,21230,2023
2023,9,CLEW1,CLE,9280,2023
2023,10,CLEW1,CLE,10620,2024
2023,11,CLEW1,CLE,28650,2024
2023,12,CLEW1,CLE,60010,2024
2024,1,CLEW1,CLE,29100,2024
2024,2,CLEW1,CLE,46750,2024
2024,3,CLEW1,CLE,47710,2024
2024,4,CLEW1,CLE,64170,2024
2024,5,CLEW1,CLE,88350,2024
2024,6,CLEW1,CLE,75190,2024
2024,7,CLEW1,CLE,39700,2024
2024,8,CLEW1,CLE,17200,2024
2024,9,CLEW1,CLE,5060,2024
2024,10,CLEW1,CLE,12020,2025
2024,11,CLEW1,CLE,32890,2025
2024,12,CLEW1,CLE,28200,2025
2025,1,CLEW1,CLE,20810,2025
2025,2,CLEW1,CLE,20600,2025
2025,3,CLEW1,CLE,89200,2025
2025,4,CLEW1,CLE,89440,2025
2025,5,CLEW1,CLE,103500,2025
2025,6,CLEW1,CLE,61690,2025
2025,7,CLEW1,CLE,19770,2025
2025,8,CLEW1,CLE,15910,2025
2025,9,CLEW1,CLE,5520,2025
2025,10,CLEW1,CLE,14090,2026
2025,11,CLEW1,CLE,70070,2026
2025,12,CLEW1,CLE,208050,2026
2026,1,CLEW1,CLE,54430,2026
2026,2,CLEW1,CLE,35760,2026
2026,3,CLEW1,CLE,116640,2026
2026,4,CLEW1,CLE,58880,2026
2026,5,CLEW1,CLE,63080,2026
1991,1,KACW1,KAC,20887.163,1991
1991,2,KACW1,KAC,32275.635000000002,1991
1991,3,KACW1,KAC,14538.591,1991
1991,4,KACW1,KAC,29678.158000000003,1991
1991,5,KACW1,KAC,33653.236,1991
1991,6,KACW1,KAC,22638.704,1991
1991,7,KACW1,KAC,11561.45,1991
1991,8,KACW1,KAC,3036.5117,1991
1991,9,KACW1,KAC,2342.2482,1991
1991,10,KACW1,KAC,2415.4735,1992
1991,11,KACW1,KAC,17941.89,1992
1991,12,KACW1,KAC,23657.775999999998,1992
1992,1,KACW1,KAC,20185.074,1992
1992,2,KACW1,KAC,16312.159000000001,1992
1992,3,KACW1,KAC,22381.129999999997,1992
1992,4,KACW1,KAC,25080.326,1992
1992,5,KACW1,KAC,19511.13,1992
1992,6,KACW1,KAC,6500.314700000001,1992
1992,7,KACW1,KAC,4972.374,1992
1992,8,KACW1,KAC,3671.2885,1992
1992,9,KACW1,KAC,4810.093,1992
1992,10,KACW1,KAC,3655.471299999999,1993
1992,11,KACW1,KAC,12916.653,1993
1992,12,KACW1,KAC,8990.4785,1993
1993,1,KACW1,KAC,11007.996000000001,1993
1993,2,KACW1,KAC,6475.3099999999995,1993
1993,3,KACW1,KAC,18494.047,1993
1993,4,KACW1,KAC,28515.390000000003,1993
1993,5,KACW1,KAC,46750.71,1993
1993,6,KACW1,KAC,14824.603,1993
1993,7,KACW1,KAC,9213.051,1993
1993,8,KACW1,KAC,3078.8995999999997,1993
1993,9,KACW1,KAC,1457.6646999999998,1993
1993,10,KACW1,KAC,1439.859,1994
1993,11,KACW1,KAC,4210.033,1994
1993,12,KACW1,KAC,6623.811,1994
1994,1,KACW1,KAC,14953.044,1994
1994,2,KACW1,KAC,8061.2,1994
1994,3,KACW1,KAC,20596.447,1994
1994,4,KACW1,KAC,33969.883,1994
1994,5,KACW1,KAC,29585.964,1994
1994,6,KACW1,KAC,13168.138,1994
1994,7,KACW1,KAC,4216.445,1994
1994,8,KACW1,KAC,1435.9696000000001,1994
1994,9,KACW1,KAC,1469.7672,1994
1994,10,KACW1,KAC,9501.657500000001,1995
1994,11,KACW1,KAC,15706.467999999999,1995
1994,12,KACW1,KAC,19284.178,1995
1995,1,KACW1,KAC,14850.223000000002,1995
1995,2,KACW1,KAC,34422.990000000005,1995
1995,3,KACW1,KAC,21202.974000000002,1995
1995,4,KACW1,KAC,23422.847999999998,1995
1995,5,KACW1,KAC,44230.53,1995
1995,6,KACW1,KAC,17246.277,1995
1995,7,KACW1,KAC,5475.633999999999,1995
1995,8,KACW1,KAC,5439.6810000000005,1995
1995,9,KACW1,KAC,7131.197,1995
1995,10,KACW1,KAC,21600.384,1996
1995,11,KACW1,KAC,78916.33,1996
1995,12,KACW1,KAC,24640.799000000003,1996
1996,1,KACW1,KAC,33800.97,1996
1996,2,KACW1,KAC,43089.367000000006,1996
1996,3,KACW1,KAC,18011.375,1996
1996,4,KACW1,KAC,38232.315,1996
1996,5,KACW1,KAC,33236.21,1996
1996,6,KACW1,KAC,22425.795000000002,1996
1996,7,KACW1,KAC,11214.21,1996
1996,8,KACW1,KAC,4013.3433,1996
1996,9,KACW1,KAC,3489.4207,1996
1996,10,KACW1,KAC,11050.009,1997
1996,11,KACW1,KAC,21162.416,1997
1996,12,KACW1,KAC,13837.337,1997
1997,1,KACW1,KAC,20747.618,1997
1997,2,KACW1,KAC,20030.471999999998,1997
1997,3,KACW1,KAC,31905.695,1997
1997,4,KACW1,KAC,39008.674999999996,1997
1997,5,KACW1,KAC,76816.58,1997
1997,6,KACW1,KAC,49186.774999999994,1997
1997,7,KACW1,KAC,23902.876000000004,1997
1997,8,KACW1,KAC,5965.0555,1997
1997,9,KACW1,KAC,8918.75,1997
1997,10,KACW1,KAC,25219.154,1998
1997,11,KACW1,KAC,16061.723999999998,1998
1997,12,KACW1,KAC,11638.58,1998
1998,1,KACW1,KAC,12744.040500000001,1998
1998,2,KACW1,KAC,10449.51,1998
1998,3,KACW1,KAC,17998.707,1998
1998,4,KACW1,KAC,26341.536,1998
1998,5,KACW1,KAC,41243.286,1998
1998,6,KACW1,KAC,18182.636,1998
1998,7,KACW1,KAC,4384.9125,1998
1998,8,KACW1,KAC,1096.8446999999999,1998
1998,9,KACW1,KAC,2709.8388999999997,1998
1998,10,KACW1,KAC,5442.8267000000005,1999
1998,11,KACW1,KAC,21638.748,1999
1998,12,KACW1,KAC,26189.647999999997,1999
1999,1,KACW1,KAC,28847.76,1999
1999,2,KACW1,KAC,13073.159,1999
1999,3,KACW1,KAC,11994.994,1999
1999,4,KACW1,KAC,24633.05,1999
1999,5,KACW1,KAC,47178.493,1999
1999,6,KACW1,KAC,56952.473,1999
1999,7,KACW1,KAC,30170.614,1999
1999,8,KACW1,KAC,8595.393,1999
1999,9,KACW1,KAC,6376.808000000001,1999
1999,10,KACW1,KAC,6807.9385999999995,2000
1999,11,KACW1,KAC,28369.553000000004,2000
1999,12,KACW1,KAC,35140.327,2000
2000,1,KACW1,KAC,10944.944,2000
2000,2,KACW1,KAC,5275.9795,2000
2000,3,KACW1,KAC,10132.782000000001,2000
2000,4,KACW1,KAC,35677.197,2000
2000,5,KACW1,KAC,40541.725,2000
2000,6,KACW1,KAC,32564.99,2000
2000,7,KACW1,KAC,7347.6152,2000
2000,8,KACW1,KAC,1678.935,2000
2000,9,KACW1,KAC,9414.626,2000
2000,10,KACW1,KAC,8487.023,2001
2000,11,KACW1,KAC,5047.5683,2001
2000,12,KACW1,KAC,3663.4164,2001
2001,1,KACW1,KAC,5455.307000000001,2001
2001,2,KACW1,KAC,3991.6902,2001
2001,3,KACW1,KAC,13668.614000000001,2001
2001,4,KACW1,KAC,23476.606,2001
2001,5,KACW1,KAC,35431.090000000004,2001
2001,6,KACW1,KAC,14275.209,2001
2001,7,KACW1,KAC,6077.019,2001
2001,8,KACW1,KAC,7334.160000000001,2001
2001,9,KACW1,KAC,2670.9437,2001
2001,10,KACW1,KAC,7315.1174,2002
2001,11,KACW1,KAC,23430.712,2002
2001,12,KACW1,KAC,14062.697,2002
2002,1,KACW1,KAC,23946.418999999998,2002
2002,2,KACW1,KAC,12700.041000000001,2002
2002,3,KACW1,KAC,17135.8,2002
2002,4,KACW1,KAC,36652.38,2002
2002,5,KACW1,KAC,48063.81,2002
2002,6,KACW1,KAC,49629.917,2002
2002,7,KACW1,KAC,14433.954,2002
2002,8,KACW1,KAC,4811.7747,2002
2002,9,KACW1,KAC,4803.663,2002
2002,10,KACW1,KAC,2333.7266,2003
2002,11,KACW1,KAC,4961.146000000001,2003
2002,12,KACW1,KAC,6146.974,2003
2003,1,KACW1,KAC,24106.435999999998,2003
2003,2,KACW1,KAC,15730.475,2003
2003,3,KACW1,KAC,29184.728999999996,2003
2003,4,KACW1,KAC,24008.17,2003
2003,5,KACW1,KAC,29153.063,2003
2003,6,KACW1,KAC,16511.906,2003
2003,7,KACW1,KAC,6206.2154,2003
2003,8,KACW1,KAC,4178.1335,2003
2003,9,KACW1,KAC,6640.1334,2003
2003,10,KACW1,KAC,14908.677000000001,2004
2003,11,KACW1,KAC,26449.856,2004
2003,12,KACW1,KAC,11243.435,2004
2004,1,KACW1,KAC,13048.793,2004
2004,2,KACW1,KAC,9418.511,2004
2004,3,KACW1,KAC,22344.528000000002,2004
2004,4,KACW1,KAC,32552.300000000003,2004
2004,5,KACW1,KAC,31595.917,2004
2004,6,KACW1,KAC,15063.831,2004
2004,7,KACW1,KAC,2144.7105,2004
2004,8,KACW1,KAC,6706.877700000001,2004
2004,9,KACW1,KAC,12998.682999999999,2004
2004,10,KACW1,KAC,11136.455,2005
2004,11,KACW1,KAC,18143.730000000003,2005
2004,12,KACW1,KAC,23721.573,2005
2005,1,KACW1,KAC,28422.586,2005
2005,2,KACW1,KAC,9779.285,2005
2005,3,KACW1,KAC,10441.863,2005
2005,4,KACW1,KAC,19096.93,2005
2005,5,KACW1,KAC,14682.320000000002,2005
2005,6,KACW1,KAC,5152.827700000001,2005
2005,7,KACW1,KAC,4162.1737,2005
2005,8,KACW1,KAC,5086.346,2005
2005,9,KACW1,KAC,4454.449,2005
2005,10,KACW1,KAC,6576.8857,2006
2005,11,KACW1,KAC,12943.764,2006
2005,12,KACW1,KAC,12869.218,2006
2006,1,KACW1,KAC,24040.272,2006
2006,2,KACW1,KAC,10046.167000000001,2006
2006,3,KACW1,KAC,8026.905000000001,2006
2006,4,KACW1,KAC,26970.215000000004,2006
2006,5,KACW1,KAC,51678.867,2006
2006,6,KACW1,KAC,32616.627,2006
2006,7,KACW1,KAC,6288.588500000001,2006
2006,8,KACW1,KAC,1004.3736999999999,2006
2006,9,KACW1,KAC,3266.7884999999997,2006
2006,10,KACW1,KAC,2717.3069,2007
2006,11,KACW1,KAC,46446.342000000004,2007
2006,12,KACW1,KAC,11979.142,2007
2007,1,KACW1,KAC,17640.46,2007
2007,2,KACW1,KAC,16016.414999999999,2007
2007,3,KACW1,KAC,42437.645000000004,2007
2007,4,KACW1,KAC,28433.693000000003,2007
2007,5,KACW1,KAC,39906.036,2007
2007,6,KACW1,KAC,21656.91,2007
2007,7,KACW1,KAC,4861.1230000000005,2007
2007,8,KACW1,KAC,3078.3741,2007
2007,9,KACW1,KAC,4502.425700000001,2007
2007,10,KACW1,KAC,10346.272,2008
2007,11,KACW1,KAC,10116.186000000002,2008
2007,12,KACW1,KAC,17861.143,2008
2008,1,KACW1,KAC,7672.034,2008
2008,2,KACW1,KAC,8599.809000000001,2008
2008,3,KACW1,KAC,10306.616,2008
2008,4,KACW1,KAC,13338.723000000002,2008
2008,5,KACW1,KAC,67358.08,2008
2008,6,KACW1,KAC,44459.652,2008
2008,7,KACW1,KAC,15877.659,2008
2008,8,KACW1,KAC,4081.3230000000003,2008
2008,9,KACW1,KAC,6302.6359999999995,2008
2008,10,KACW1,KAC,5454.9165,2009
2008,11,KACW1,KAC,29109.2,2009
2008,12,KACW1,KAC,12104.564999999999,2009
2009,1,KACW1,KAC,33531.19,2009
2009,2,KACW1,KAC,5864.3150000000005,2009
2009,3,KACW1,KAC,8750.600999999999,2009
2009,4,KACW1,KAC,22034.842,2009
2009,5,KACW1,KAC,53359.744999999995,2009
2009,6,KACW1,KAC,26668.467,2009
2009,7,KACW1,KAC,4507.2402999999995,2009
2009,8,KACW1,KAC,3323.925,2009
2009,9,KACW1,KAC,8637.875,2009
2009,10,KACW1,KAC,12524.984,2010
2009,11,KACW1,KAC,16766.521,2010
2009,12,KACW1,KAC,9238.134,2010
2010,1,KACW1,KAC,13559.592999999999,2010
2010,2,KACW1,KAC,9010.721,2010
2010,3,KACW1,KAC,13563.141,2010
2010,4,KACW1,KAC,20723.404,2010
2010,5,KACW1,KAC,33264.378000000004,2010
2010,6,KACW1,KAC,32273.254,2010
2010,7,KACW1,KAC,7546.84,2010
2010,8,KACW1,KAC,3480.2027,2010
2010,9,KACW1,KAC,10767.925,2010
2010,10,KACW1,KAC,9920.056,2011
2010,11,KACW1,KAC,17625.149,2011
2010,12,KACW1,KAC,16630.762000000002,2011
2011,1,KACW1,KAC,45951.865999999995,2011
2011,2,KACW1,KAC,20499.722999999998,2011
2011,3,KACW1,KAC,20966.393,2011
2011,4,KACW1,KAC,22293.205,2011
2011,5,KACW1,KAC,43953.827,2011
2011,6,KACW1,KAC,43760.326,2011
2011,7,KACW1,KAC,20032.352,2011
2011,8,KACW1,KAC,5002.946,2011
2011,9,KACW1,KAC,7577.4026,2011
2011,10,KACW1,KAC,9967.261,2012
2011,11,KACW1,KAC,10165.2155,2012
2011,12,KACW1,KAC,13230.437,2012
2012,1,KACW1,KAC,15102.751,2012
2012,2,KACW1,KAC,17048.225,2012
2012,3,KACW1,KAC,13788.402,2012
2012,4,KACW1,KAC,35148.888,2012
2012,5,KACW1,KAC,53384.827000000005,2012
2012,6,KACW1,KAC,41090.866,2012
2012,7,KACW1,KAC,18614.020999999997,2012
2012,8,KACW1,KAC,2776.5092999999997,2012
2012,9,KACW1,KAC,5425.63,2012
2012,10,KACW1,KAC,15983.235999999997,2013
2012,11,KACW1,KAC,18350.355,2013
2012,12,KACW1,KAC,14522.942000000001,2013
2013,1,KACW1,KAC,7445.554300000001,2013
2013,2,KACW1,KAC,8561.059000000001,2013
2013,3,KACW1,KAC,20063.713,2013
2013,4,KACW1,KAC,38158.253000000004,2013
2013,5,KACW1,KAC,46102.909999999996,2013
2013,6,KACW1,KAC,24195.76,2013
2013,7,KACW1,KAC,4266.311,2013
2013,8,KACW1,KAC,4259.7294,2013
2013,9,KACW1,KAC,11417.109,2013
2013,10,KACW1,KAC,11147.640000000001,2014
2013,11,KACW1,KAC,20237.392,2014
2013,12,KACW1,KAC,15781.224,2014
2014,1,KACW1,KAC,17443.505999999998,2014
2014,2,KACW1,KAC,12092.059000000001,2014
2014,3,KACW1,KAC,33627.42,2014
2014,4,KACW1,KAC,34625.83499999999,2014
2014,5,KACW1,KAC,50151.221999999994,2014
2014,6,KACW1,KAC,25439.81,2014
2014,7,KACW1,KAC,8071.5419999999995,2014
2014,8,KACW1,KAC,3457.325700000001,2014
2014,9,KACW1,KAC,6309.47,2014
2014,10,KACW1,KAC,13171.176999999998,2015
2014,11,KACW1,KAC,32175.773999999998,2015
2014,12,KACW1,KAC,23001.333,2015
2015,1,KACW1,KAC,32288.849999999995,2015
2015,2,KACW1,KAC,24243.880999999998,2015
2015,3,KACW1,KAC,20804.44,2015
2015,4,KACW1,KAC,12303.099,2015
2015,5,KACW1,KAC,9026.267,2015
2015,6,KACW1,KAC,1806.3252,2015
2015,7,KACW1,KAC,1263.5847,2015
2015,8,KACW1,KAC,4722.062999999999,2015
2015,9,KACW1,KAC,4956.456,2015
2015,10,KACW1,KAC,12832.129,2016
2015,11,KACW1,KAC,38649.93,2016
2015,12,KACW1,KAC,31034.855,2016
2016,1,KACW1,KAC,11008.84,2016
2016,2,KACW1,KAC,33007.988,2016
2016,3,KACW1,KAC,24768.827,2016
2016,4,KACW1,KAC,44354.92,2016
2016,5,KACW1,KAC,33827.045,2016
2016,6,KACW1,KAC,13232.738500000001,2016
2016,7,KACW1,KAC,4500.951000000001,2016
2016,8,KACW1,KAC,3652.3185,2016
2016,9,KACW1,KAC,6621.576299999999,2016
2016,10,KACW1,KAC,22430.420000000002,2017
2016,11,KACW1,KAC,17585.718,2017
2016,12,KACW1,KAC,10992.186,2017
2017,1,KACW1,KAC,4530.5324,2017
2017,2,KACW1,KAC,7136.3006,2017
2017,3,KACW1,KAC,27636.612,2017
2017,4,KACW1,KAC,30914.581,2017
2017,5,KACW1,KAC,55698.356999999996,2017
2017,6,KACW1,KAC,25369.509000000002,2017
2017,7,KACW1,KAC,3241.6915999999997,2017
2017,8,KACW1,KAC,2485.2946,2017
2017,9,KACW1,KAC,8253.278999999999,2017
2017,10,KACW1,KAC,18337.53,2018
2017,11,KACW1,KAC,25724.468,2018
2017,12,KACW1,KAC,14854.27,2018
2018,1,KACW1,KAC,18121.559999999998,2018
2018,2,KACW1,KAC,25859.22,2018
2018,3,KACW1,KAC,12056.729000000001,2018
2018,4,KACW1,KAC,35510.765,2018
2018,5,KACW1,KAC,60184.01,2018
2018,6,KACW1,KAC,18317.553,2018
2018,7,KACW1,KAC,5174.9516,2018
2018,8,KACW1,KAC,4283.696,2018
2018,9,KACW1,KAC,8259.294,2018
2018,10,KACW1,KAC,8678.589,2019
2018,11,KACW1,KAC,21392.448,2019
2018,12,KACW1,KAC,15856.439000000002,2019
2019,1,KACW1,KAC,17453.016000000003,2019
2019,2,KACW1,KAC,8412.995,2019
2019,3,KACW1,KAC,8534.177,2019
2019,4,KACW1,KAC,32287.390000000003,2019
2019,5,KACW1,KAC,31334.368000000002,2019
2019,6,KACW1,KAC,9772.5725,2019
2019,7,KACW1,KAC,5511.707299999999,2019
2019,8,KACW1,KAC,7302.4845000000005,2019
2019,9,KACW1,KAC,9368.196,2019
2019,10,KACW1,KAC,16201.872000000001,2020
2019,11,KACW1,KAC,7220.999000000001,2020
2019,12,KACW1,KAC,16050.342999999997,2020
2020,1,KACW1,KAC,35663.853,2020
2020,2,KACW1,KAC,35006.873999999996,2020
2020,3,KACW1,KAC,12847.285,2020
2020,4,KACW1,KAC,28817.825,2020
2020,5,KACW1,KAC,40152.927,2020
2020,6,KACW1,KAC,21325.617000000002,2020
2020,7,KACW1,KAC,7980.929,2020
2020,8,KACW1,KAC,2048.9528000000005,2020
2020,9,KACW1,KAC,7790.536999999999,2020
2020,10,KACW1,KAC,20290,2021
2020,11,KACW1,KAC,18830,2021
2020,12,KACW1,KAC,16230,2021
2021,1,KACW1,KAC,19580,2021
2021,2,KACW1,KAC,15690,2021
2021,3,KACW1,KAC,11330,2021
2021,4,KACW1,KAC,27070,2021
2021,5,KACW1,KAC,47230,2021
2021,6,KACW1,KAC,40480,2021
2021,7,KACW1,KAC,6480,2021
2021,8,KACW1,KAC,960,2021
2021,9,KACW1,KAC,8690,2021
2021,10,KACW1,KAC,14320,2022
2021,11,KACW1,KAC,44840,2022
2021,12,KACW1,KAC,15760,2022
2022,1,KACW1,KAC,21270,2022
2022,2,KACW1,KAC,13600,2022
2022,3,KACW1,KAC,27770,2022
2022,4,KACW1,KAC,18970,2022
2022,5,KACW1,KAC,40590,2022
2022,6,KACW1,KAC,42950,2022
2022,7,KACW1,KAC,9950,2022
2022,8,KACW1,KAC,-320,2022
2022,9,KACW1,KAC,6940,2022
2022,10,KACW1,KAC,7300,2023
2022,11,KACW1,KAC,15090,2023
2022,12,KACW1,KAC,9230,2023
2023,1,KACW1,KAC,9170,2023
2023,2,KACW1,KAC,8240,2023
2023,3,KACW1,KAC,6170,2023
2023,4,KACW1,KAC,19880,2023
2023,5,KACW1,KAC,47940,2023
2023,6,KACW1,KAC,8580,2023
2023,7,KACW1,KAC,3990,2023
2023,8,KACW1,KAC,5220,2023
2023,9,KACW1,KAC,6940,2023
2023,10,KACW1,KAC,4350,2024
2023,11,KACW1,KAC,14400,2024
2023,12,KACW1,KAC,21700,2024
2024,1,KACW1,KAC,11030,2024
2024,2,KACW1,KAC,14660,2024
2024,3,KACW1,KAC,18360,2024
2024,4,KACW1,KAC,21830,2024
2024,5,KACW1,KAC,25640,2024
2024,6,KACW1,KAC,21780,2024
2024,7,KACW1,KAC,5150,2024
2024,8,KACW1,KAC,4080,2024
2024,9,KACW1,KAC,6960,2024
2024,10,KACW1,KAC,6360,2025
2024,11,KACW1,KAC,11240,2025
2024,12,KACW1,KAC,11860,2025
2025,1,KACW1,KAC,9060,2025
2025,2,KACW1,KAC,8800,2025
2025,3,KACW1,KAC,30470,2025
2025,4,KACW1,KAC,29180,2025
2025,5,KACW1,KAC,27830,2025
2025,6,KACW1,KAC,11570,2025
2025,7,KACW1,KAC,6060,2025
2025,8,KACW1,KAC,5260,2025
2025,9,KACW1,KAC,4010,2025
2025,10,KACW1,KAC,4690,2026
2025,11,KACW1,KAC,21400,2026
2025,12,KACW1,KAC,71920,2026
2026,1,KACW1,KAC,19780,2026
2026,2,KACW1,KAC,14650,2026
2026,3,KACW1,KAC,45710,2026
2026,4,KACW1,KAC,21570,2026
2026,5,KACW1,KAC,16620,2026
1991,1,KEEW1,KEE,23139.692,1991
1991,2,KEEW1,KEE,38250.957,1991
1991,3,KEEW1,KEE,13059.324999999999,1991
1991,4,KEEW1,KEE,33712.28400000001,1991
1991,5,KEEW1,KEE,39970.005,1991
1991,6,KEEW1,KEE,24832.08,1991
1991,7,KEEW1,KEE,8026.914,1991
1991,8,KEEW1,KEE,4356.205999999999,1991
1991,9,KEEW1,KEE,2848.0375000000004,1991
1991,10,KEEW1,KEE,2976.0816,1992
1991,11,KEEW1,KEE,25125.004,1992
1991,12,KEEW1,KEE,28722.97,1992
1992,1,KEEW1,KEE,24963.715,1992
1992,2,KEEW1,KEE,17750.626,1992
1992,3,KEEW1,KEE,24416.777,1992
1992,4,KEEW1,KEE,26411.028000000002,1992
1992,5,KEEW1,KEE,18769.045,1992
1992,6,KEEW1,KEE,7264.274,1992
1992,7,KEEW1,KEE,4499.4607000000005,1992
1992,8,KEEW1,KEE,3081.522,1992
1992,9,KEEW1,KEE,9046.684000000001,1992
1992,10,KEEW1,KEE,6109.8557,1993
1992,11,KEEW1,KEE,18286.135000000002,1993
1992,12,KEEW1,KEE,10424.367999999999,1993
1993,1,KEEW1,KEE,15432.689000000002,1993
1993,2,KEEW1,KEE,7002.734700000001,1993
1993,3,KEEW1,KEE,22922.314,1993
1993,4,KEEW1,KEE,33570.590000000004,1993
1993,5,KEEW1,KEE,45673.885,1993
1993,6,KEEW1,KEE,18623.802,1993
1993,7,KEEW1,KEE,8379.742,1993
1993,8,KEEW1,KEE,3153.6782000000003,1993
1993,9,KEEW1,KEE,2212.9483,1993
1993,10,KEEW1,KEE,3897.7208,1994
1993,11,KEEW1,KEE,6644.945,1994
1993,12,KEEW1,KEE,11772.054,1994
1994,1,KEEW1,KEE,18712.582000000002,1994
1994,2,KEEW1,KEE,7763.5455,1994
1994,3,KEEW1,KEE,22945.557,1994
1994,4,KEEW1,KEE,38458.878000000004,1994
1994,5,KEEW1,KEE,28387.573,1994
1994,6,KEEW1,KEE,15341.525000000001,1994
1994,7,KEEW1,KEE,6123.559499999999,1994
1994,8,KEEW1,KEE,6095.5877,1994
1994,9,KEEW1,KEE,2953.9092,1994
1994,10,KEEW1,KEE,14292.994999999999,1995
1994,11,KEEW1,KEE,21189.453,1995
1994,12,KEEW1,KEE,22786.43,1995
1995,1,KEEW1,KEE,16893.602,1995
1995,2,KEEW1,KEE,35835.403,1995
1995,3,KEEW1,KEE,21004.095,1995
1995,4,KEEW1,KEE,25182.676,1995
1995,5,KEEW1,KEE,45286.095,1995
1995,6,KEEW1,KEE,18930.288,1995
1995,7,KEEW1,KEE,7641.187000000001,1995
1995,8,KEEW1,KEE,5508.574,1995
1995,9,KEEW1,KEE,2981.8113,1995
1995,10,KEEW1,KEE,26718.504,1996
1995,11,KEEW1,KEE,88411.28,1996
1995,12,KEEW1,KEE,23316.656,1996
1996,1,KEEW1,KEE,35517.715000000004,1996
1996,2,KEEW1,KEE,46006.397,1996
1996,3,KEEW1,KEE,18649.059999999998,1996
1996,4,KEEW1,KEE,40037.509999999995,1996
1996,5,KEEW1,KEE,31772.879999999997,1996
1996,6,KEEW1,KEE,18593.89,1996
1996,7,KEEW1,KEE,6348.25,1996
1996,8,KEEW1,KEE,3630.6313999999998,1996
1996,9,KEEW1,KEE,6216.783,1996
1996,10,KEEW1,KEE,18961.233,1997
1996,11,KEEW1,KEE,25287.022,1997
1996,12,KEEW1,KEE,14663.282000000001,1997
1997,1,KEEW1,KEE,23244.484,1997
1997,2,KEEW1,KEE,21142.244000000002,1997
1997,3,KEEW1,KEE,32785.164000000004,1997
1997,4,KEEW1,KEE,39699.7,1997
1997,5,KEEW1,KEE,83778.83,1997
1997,6,KEEW1,KEE,54368.899999999994,1997
1997,7,KEEW1,KEE,24843.36,1997
1997,8,KEEW1,KEE,7344.247,1997
1997,9,KEEW1,KEE,8232.97,1997
1997,10,KEEW1,KEE,30610.083000000002,1998
1997,11,KEEW1,KEE,17095.760000000002,1998
1997,12,KEEW1,KEE,13298.194000000001,1998
1998,1,KEEW1,KEE,13947.112000000001,1998
1998,2,KEEW1,KEE,11037.530999999999,1998
1998,3,KEEW1,KEE,19995.752,1998
1998,4,KEEW1,KEE,29764.912,1998
1998,5,KEEW1,KEE,43887.090000000004,1998
1998,6,KEEW1,KEE,20026.378999999997,1998
1998,7,KEEW1,KEE,5576.494000000001,1998
1998,8,KEEW1,KEE,5217.9349999999995,1998
1998,9,KEEW1,KEE,2626.9968,1998
1998,10,KEEW1,KEE,4775.475,1999
1998,11,KEEW1,KEE,30800.08,1999
1998,12,KEEW1,KEE,32630.359999999997,1999
1999,1,KEEW1,KEE,28304.365,1999
1999,2,KEEW1,KEE,10849.411999999998,1999
1999,3,KEEW1,KEE,12181.404,1999
1999,4,KEEW1,KEE,25704.903000000002,1999
1999,5,KEEW1,KEE,51893.867,1999
1999,6,KEEW1,KEE,64592.89599999999,1999
1999,7,KEEW1,KEE,35102.06,1999
1999,8,KEEW1,KEE,14360.501,1999
1999,9,KEEW1,KEE,3544.2443,1999
1999,10,KEEW1,KEE,8702.652,2000
1999,11,KEEW1,KEE,36329.5,2000
1999,12,KEEW1,KEE,41004.784,2000
2000,1,KEEW1,KEE,9836.192000000001,2000
2000,2,KEEW1,KEE,6969.215400000001,2000
2000,3,KEEW1,KEE,10886.922999999999,2000
2000,4,KEEW1,KEE,40507.945999999996,2000
2000,5,KEEW1,KEE,48307.114,2000
2000,6,KEEW1,KEE,37502.51,2000
2000,7,KEEW1,KEE,14433.943,2000
2000,8,KEEW1,KEE,7987.3859999999995,2000
2000,9,KEEW1,KEE,9096.895,2000
2000,10,KEEW1,KEE,10672.189,2001
2000,11,KEEW1,KEE,6905.044599999999,2001
2000,12,KEEW1,KEE,4695.1035999999995,2001
2001,1,KEEW1,KEE,7709.789,2001
2001,2,KEEW1,KEE,5358.498,2001
2001,3,KEEW1,KEE,16380.06,2001
2001,4,KEEW1,KEE,27140.48,2001
2001,5,KEEW1,KEE,42194.775,2001
2001,6,KEEW1,KEE,18874.495,2001
2001,7,KEEW1,KEE,8577.332999999999,2001
2001,8,KEEW1,KEE,5185.036,2001
2001,9,KEEW1,KEE,2422.7439999999997,2001
2001,10,KEEW1,KEE,17594.616,2002
2001,11,KEEW1,KEE,28380.773999999998,2002
2001,12,KEEW1,KEE,15747.835000000001,2002
2002,1,KEEW1,KEE,24277.536,2002
2002,2,KEEW1,KEE,12590.67,2002
2002,3,KEEW1,KEE,13916.943,2002
2002,4,KEEW1,KEE,39130.894,2002
2002,5,KEEW1,KEE,53920.69,2002
2002,6,KEEW1,KEE,56942.172999999995,2002
2002,7,KEEW1,KEE,17767.088,2002
2002,8,KEEW1,KEE,6146.865,2002
2002,9,KEEW1,KEE,2994.8213,2002
2002,10,KEEW1,KEE,2237.241,2003
2002,11,KEEW1,KEE,8882.505,2003
2002,12,KEEW1,KEE,8142.422999999999,2003
2003,1,KEEW1,KEE,30741.608000000004,2003
2003,2,KEEW1,KEE,16854.012000000002,2003
2003,3,KEEW1,KEE,30476.109,2003
2003,4,KEEW1,KEE,25811.47,2003
2003,5,KEEW1,KEE,33320.479999999996,2003
2003,6,KEEW1,KEE,21079.456000000002,2003
2003,7,KEEW1,KEE,8228.015,2003
2003,8,KEEW1,KEE,2991.4498,2003
2003,9,KEEW1,KEE,2532.0165,2003
2003,10,KEEW1,KEE,19981.731,2004
2003,11,KEEW1,KEE,30699.194,2004
2003,12,KEEW1,KEE,10734.606,2004
2004,1,KEEW1,KEE,15498.010999999999,2004
2004,2,KEEW1,KEE,9366.867999999999,2004
2004,3,KEEW1,KEE,22800.604,2004
2004,4,KEEW1,KEE,35044.185999999994,2004
2004,5,KEEW1,KEE,34117.027,2004
2004,6,KEEW1,KEE,19937.932999999997,2004
2004,7,KEEW1,KEE,7265.628000000001,2004
2004,8,KEEW1,KEE,10239.139,2004
2004,9,KEEW1,KEE,14652.786,2004
2004,10,KEEW1,KEE,12548.797,2005
2004,11,KEEW1,KEE,23209.671,2005
2004,12,KEEW1,KEE,27332.159000000003,2005
2005,1,KEEW1,KEE,31175.740999999998,2005
2005,2,KEEW1,KEE,9496.897,2005
2005,3,KEEW1,KEE,11482.468,2005
2005,4,KEEW1,KEE,24370.83,2005
2005,5,KEEW1,KEE,19374.392,2005
2005,6,KEEW1,KEE,8918.826,2005
2005,7,KEEW1,KEE,6219.8973,2005
2005,8,KEEW1,KEE,5145.8435,2005
2005,9,KEEW1,KEE,4270.486400000001,2005
2005,10,KEEW1,KEE,10803.286999999998,2006
2005,11,KEEW1,KEE,17670.182999999997,2006
2005,12,KEEW1,KEE,16947.136,2006
2006,1,KEEW1,KEE,24677.94,2006
2006,2,KEEW1,KEE,10187.5,2006
2006,3,KEEW1,KEE,7833.204,2006
2006,4,KEEW1,KEE,29517.672,2006
2006,5,KEEW1,KEE,56139.16999999999,2006
2006,6,KEEW1,KEE,34273.53,2006
2006,7,KEEW1,KEE,5560.197,2006
2006,8,KEEW1,KEE,5894.6385,2006
2006,9,KEEW1,KEE,3298.9947999999995,2006
2006,10,KEEW1,KEE,3628.6594999999998,2007
2006,11,KEEW1,KEE,53031.31,2007
2006,12,KEEW1,KEE,11126.349,2007
2007,1,KEEW1,KEE,18339.030000000002,2007
2007,2,KEEW1,KEE,16406.021,2007
2007,3,KEEW1,KEE,44993.435,2007
2007,4,KEEW1,KEE,29383.982,2007
2007,5,KEEW1,KEE,44043.015,2007
2007,6,KEEW1,KEE,24422.670000000002,2007
2007,7,KEEW1,KEE,6434.0634,2007
2007,8,KEEW1,KEE,4271.8487000000005,2007
2007,9,KEEW1,KEE,2503.5903,2007
2007,10,KEEW1,KEE,14125.557,2008
2007,11,KEEW1,KEE,14028.79,2008
2007,12,KEEW1,KEE,19449.974,2008
2008,1,KEEW1,KEE,7528.205000000001,2008
2008,2,KEEW1,KEE,8693.208,2008
2008,3,KEEW1,KEE,10679.318000000001,2008
2008,4,KEEW1,KEE,13060.542,2008
2008,5,KEEW1,KEE,73100.19,2008
2008,6,KEEW1,KEE,54245.856999999996,2008
2008,7,KEEW1,KEE,19607.679999999997,2008
2008,8,KEEW1,KEE,8424.702,2008
2008,9,KEEW1,KEE,4182.3754,2008
2008,10,KEEW1,KEE,5547.534500000001,2009
2008,11,KEEW1,KEE,37824.9,2009
2008,12,KEEW1,KEE,13420.722,2009
2009,1,KEEW1,KEE,39058.079999999994,2009
2009,2,KEEW1,KEE,5770.787,2009
2009,3,KEEW1,KEE,8750.589,2009
2009,4,KEEW1,KEE,21605.932,2009
2009,5,KEEW1,KEE,59920.869999999995,2009
2009,6,KEEW1,KEE,31677.483,2009
2009,7,KEEW1,KEE,7922.1810000000005,2009
2009,8,KEEW1,KEE,5074.022,2009
2009,9,KEEW1,KEE,3234.9827,2009
2009,10,KEEW1,KEE,15065.866,2010
2009,11,KEEW1,KEE,21724.653,2010
2009,12,KEEW1,KEE,10818.011999999999,2010
2010,1,KEEW1,KEE,16621.883,2010
2010,2,KEEW1,KEE,10039.467,2010
2010,3,KEEW1,KEE,16079.377999999999,2010
2010,4,KEEW1,KEE,23393.077999999998,2010
2010,5,KEEW1,KEE,37703.014,2010
2010,6,KEEW1,KEE,36604.340000000004,2010
2010,7,KEEW1,KEE,15801.002499999999,2010
2010,8,KEEW1,KEE,8116.524,2010
2010,9,KEEW1,KEE,7327.1003,2010
2010,10,KEEW1,KEE,12176.717,2011
2010,11,KEEW1,KEE,22593.386,2011
2010,12,KEEW1,KEE,19210.53,2011
2011,1,KEEW1,KEE,51255.18,2011
2011,2,KEEW1,KEE,20284.186999999998,2011
2011,3,KEEW1,KEE,21890.099,2011
2011,4,KEEW1,KEE,21713.442,2011
2011,5,KEEW1,KEE,49493.03,2011
2011,6,KEEW1,KEE,51342.136000000006,2011
2011,7,KEEW1,KEE,25804.695,2011
2011,8,KEEW1,KEE,10513.974,2011
2011,9,KEEW1,KEE,3850.81,2011
2011,10,KEEW1,KEE,12185.5755,2012
2011,11,KEEW1,KEE,12617.831,2012
2011,12,KEEW1,KEE,18452.38,2012
2012,1,KEEW1,KEE,17464.24,2012
2012,2,KEEW1,KEE,18569.273,2012
2012,3,KEEW1,KEE,13639.412,2012
2012,4,KEEW1,KEE,38647.816,2012
2012,5,KEEW1,KEE,63155.956000000006,2012
2012,6,KEEW1,KEE,51458.317,2012
2012,7,KEEW1,KEE,26059.342999999997,2012
2012,8,KEEW1,KEE,10004.353,2012
2012,9,KEEW1,KEE,3099.982,2012
2012,10,KEEW1,KEE,18935.913,2013
2012,11,KEEW1,KEE,22998.425,2013
2012,12,KEEW1,KEE,16221.827999999998,2013
2013,1,KEEW1,KEE,8974.901,2013
2013,2,KEEW1,KEE,10152.555,2013
2013,3,KEEW1,KEE,22759.172,2013
2013,4,KEEW1,KEE,44454.617,2013
2013,5,KEEW1,KEE,54176.090000000004,2013
2013,6,KEEW1,KEE,27737.760000000002,2013
2013,7,KEEW1,KEE,10853.87,2013
2013,8,KEEW1,KEE,6602.9577,2013
2013,9,KEEW1,KEE,10180.697,2013
2013,10,KEEW1,KEE,13226.74,2014
2013,11,KEEW1,KEE,25357.063000000002,2014
2013,12,KEEW1,KEE,19363.277000000002,2014
2014,1,KEEW1,KEE,18656.271,2014
2014,2,KEEW1,KEE,11562.488,2014
2014,3,KEEW1,KEE,37107.296,2014
2014,4,KEEW1,KEE,37865.94,2014
2014,5,KEEW1,KEE,53829.17,2014
2014,6,KEEW1,KEE,25125.920000000002,2014
2014,7,KEEW1,KEE,13023.038,2014
2014,8,KEEW1,KEE,8251.2665,2014
2014,9,KEEW1,KEE,4626.0815,2014
2014,10,KEEW1,KEE,16479.365999999998,2015
2014,11,KEEW1,KEE,39449.516,2015
2014,12,KEEW1,KEE,26744.566,2015
2015,1,KEEW1,KEE,38014.603,2015
2015,2,KEEW1,KEE,28288.859999999997,2015
2015,3,KEEW1,KEE,20317.343,2015
2015,4,KEEW1,KEE,13806.744,2015
2015,5,KEEW1,KEE,10908.003,2015
2015,6,KEEW1,KEE,5129.1513,2015
2015,7,KEEW1,KEE,5348.1107,2015
2015,8,KEEW1,KEE,4001.2436000000002,2015
2015,9,KEEW1,KEE,3001.7384999999995,2015
2015,10,KEEW1,KEE,18455.462,2016
2015,11,KEEW1,KEE,45324.41,2016
2015,12,KEEW1,KEE,31833.126,2016
2016,1,KEEW1,KEE,11159.114000000001,2016
2016,2,KEEW1,KEE,33441.409999999996,2016
2016,3,KEEW1,KEE,24983.429,2016
2016,4,KEEW1,KEE,48324.978,2016
2016,5,KEEW1,KEE,36265.335,2016
2016,6,KEEW1,KEE,17657.806,2016
2016,7,KEEW1,KEE,8739.917,2016
2016,8,KEEW1,KEE,6685.57,2016
2016,9,KEEW1,KEE,3631.0915999999993,2016
2016,10,KEEW1,KEE,27298.923,2017
2016,11,KEEW1,KEE,21213.572,2017
2016,12,KEEW1,KEE,12129.821000000002,2017
2017,1,KEEW1,KEE,5986.803500000001,2017
2017,2,KEEW1,KEE,9542.433,2017
2017,3,KEEW1,KEE,30149.040000000005,2017
2017,4,KEEW1,KEE,31386.114,2017
2017,5,KEEW1,KEE,63965.022999999994,2017
2017,6,KEEW1,KEE,32524.859999999997,2017
2017,7,KEEW1,KEE,11536.32,2017
2017,8,KEEW1,KEE,8298.82,2017
2017,9,KEEW1,KEE,3120.6946000000003,2017
2017,10,KEEW1,KEE,21794.69,2018
2017,11,KEEW1,KEE,30762.213,2018
2017,12,KEEW1,KEE,17228.260000000002,2018
2018,1,KEEW1,KEE,21596.273,2018
2018,2,KEEW1,KEE,28041.454,2018
2018,3,KEEW1,KEE,12586.11,2018
2018,4,KEEW1,KEE,39415.615000000005,2018
2018,5,KEEW1,KEE,64833.27,2018
2018,6,KEEW1,KEE,19648.167,2018
2018,7,KEEW1,KEE,11248.872000000001,2018
2018,8,KEEW1,KEE,7537.5576,2018
2018,9,KEEW1,KEE,2666.6495999999997,2018
2018,10,KEEW1,KEE,8281.029,2019
2018,11,KEEW1,KEE,28451.07,2019
2018,12,KEEW1,KEE,19732.109999999997,2019
2019,1,KEEW1,KEE,20076.992000000002,2019
2019,2,KEEW1,KEE,7082.119000000001,2019
2019,3,KEEW1,KEE,10272.616,2019
2019,4,KEEW1,KEE,36431.32,2019
2019,5,KEEW1,KEE,33462.173,2019
2019,6,KEEW1,KEE,13804.027,2019
2019,7,KEEW1,KEE,8488.002999999999,2019
2019,8,KEEW1,KEE,5527.7443,2019
2019,9,KEEW1,KEE,4106.8796999999995,2019
2019,10,KEEW1,KEE,22106.546000000002,2020
2019,11,KEEW1,KEE,10166.054,2020
2019,12,KEEW1,KEE,21175.450999999997,2020
2020,1,KEEW1,KEE,40893.257,2020
2020,2,KEEW1,KEE,35040.966,2020
2020,3,KEEW1,KEE,13820.991500000002,2020
2020,4,KEEW1,KEE,34698.03,2020
2020,5,KEEW1,KEE,49267.37,2020
2020,6,KEEW1,KEE,26991.6,2020
2020,7,KEEW1,KEE,11954.644,2020
2020,8,KEEW1,KEE,8405.234,2020
2020,9,KEEW1,KEE,5057.307,2020
2020,10,KEEW1,KEE,33740,2021
2020,11,KEEW1,KEE,22460,2021
2020,12,KEEW1,KEE,19620,2021
2021,1,KEEW1,KEE,21790,2021
2021,2,KEEW1,KEE,16550,2021
2021,3,KEEW1,KEE,11340,2021
2021,4,KEEW1,KEE,28300,2021
2021,5,KEEW1,KEE,53010,2021
2021,6,KEEW1,KEE,44350,2021
2021,7,KEEW1,KEE,13570,2021
2021,8,KEEW1,KEE,9630,2021
2021,9,KEEW1,KEE,3970,2021
2021,10,KEEW1,KEE,15070,2022
2021,11,KEEW1,KEE,58010,2022
2021,12,KEEW1,KEE,17450,2022
2022,1,KEEW1,KEE,27560,2022
2022,2,KEEW1,KEE,13520,2022
2022,3,KEEW1,KEE,30240,2022
2022,4,KEEW1,KEE,17990,2022
2022,5,KEEW1,KEE,48490,2022
2022,6,KEEW1,KEE,54470,2022
2022,7,KEEW1,KEE,16190.000000000002,2022
2022,8,KEEW1,KEE,8070,2022
2022,9,KEEW1,KEE,2510,2022
2022,10,KEEW1,KEE,3570,2023
2022,11,KEEW1,KEE,20050,2023
2022,12,KEEW1,KEE,10630,2023
2023,1,KEEW1,KEE,11200,2023
2023,2,KEEW1,KEE,9760,2023
2023,3,KEEW1,KEE,6690,2023
2023,4,KEEW1,KEE,21280,2023
2023,5,KEEW1,KEE,56220,2023
2023,6,KEEW1,KEE,18240,2023
2023,7,KEEW1,KEE,8850,2023
2023,8,KEEW1,KEE,3060,2023
2023,9,KEEW1,KEE,8300,2023
2023,10,KEEW1,KEE,770,2024
2023,11,KEEW1,KEE,17350,2024
2023,12,KEEW1,KEE,24500,2024
2024,1,KEEW1,KEE,13500,2024
2024,2,KEEW1,KEE,16309.999999999998,2024
2024,3,KEEW1,KEE,19000,2024
2024,4,KEEW1,KEE,25450,2024
2024,5,KEEW1,KEE,31360,2024
2024,6,KEEW1,KEE,28890,2024
2024,7,KEEW1,KEE,10770,2024
2024,8,KEEW1,KEE,4970,2024
2024,9,KEEW1,KEE,2170,2024
2024,10,KEEW1,KEE,4720,2025
2024,11,KEEW1,KEE,19740,2025
2024,12,KEEW1,KEE,16980,2025
2025,1,KEEW1,KEE,10550,2025
2025,2,KEEW1,KEE,11330,2025
2025,3,KEEW1,KEE,33530,2025
2025,4,KEEW1,KEE,30470,2025
2025,5,KEEW1,KEE,31420,2025
2025,6,KEEW1,KEE,18700,2025
2025,7,KEEW1,KEE,7520,2025
2025,8,KEEW1,KEE,2550,2025
2025,9,KEEW1,KEE,920,2025
2025,10,KEEW1,KEE,6810,2026
2025,11,KEEW1,KEE,26890,2026
2025,12,KEEW1,KEE,78710,2026
2026,1,KEEW1,KEE,18690,2026
2026,2,KEEW1,KEE,15900,2026
2026,3,KEEW1,KEE,56000,2026
2026,4,KEEW1,KEE,20070,2026
2026,5,KEEW1,KEE,18290,2026
1991,1,RIMW1,RIM,25443.354,1991
1991,2,RIMW1,RIM,41722.843,1991
1991,3,RIMW1,RIM,23669.779,1991
1991,4,RIMW1,RIM,30218.538,1991
1991,5,RIMW1,RIM,45306.399999999994,1991
1991,6,RIMW1,RIM,51131.275,1991
1991,7,RIMW1,RIM,39489.71599999999,1991
1991,8,RIMW1,RIM,21491.1,1991
1991,9,RIMW1,RIM,18461.763000000003,1991
1991,10,RIMW1,RIM,12627.692,1992
1991,11,RIMW1,RIM,20870.438,1992
1991,12,RIMW1,RIM,19462.128,1992
1992,1,RIMW1,RIM,18692.602,1992
1992,2,RIMW1,RIM,22465.56,1992
1992,3,RIMW1,RIM,28108.963,1992
1992,4,RIMW1,RIM,37904.293000000005,1992
1992,5,RIMW1,RIM,43168.907,1992
1992,6,RIMW1,RIM,24707.96,1992
1992,7,RIMW1,RIM,15199.042000000001,1992
1992,8,RIMW1,RIM,10775.579,1992
1992,9,RIMW1,RIM,10021.174,1992
1992,10,RIMW1,RIM,9867.692,1993
1992,11,RIMW1,RIM,11818.479,1993
1992,12,RIMW1,RIM,9497.818000000001,1993
1993,1,RIMW1,RIM,9748.071,1993
1993,2,RIMW1,RIM,9069.95,1993
1993,3,RIMW1,RIM,19792.429,1993
1993,4,RIMW1,RIM,28109.293,1993
1993,5,RIMW1,RIM,67053.53000000001,1993
1993,6,RIMW1,RIM,35309.06,1993
1993,7,RIMW1,RIM,19786.592,1993
1993,8,RIMW1,RIM,13696.593,1993
1993,9,RIMW1,RIM,11570.867,1993
1993,10,RIMW1,RIM,11321.922,1994
1993,11,RIMW1,RIM,5745.7848,1994
1993,12,RIMW1,RIM,7450.9077,1994
1994,1,RIMW1,RIM,12366.42,1994
1994,2,RIMW1,RIM,8746.295,1994
1994,3,RIMW1,RIM,20074.346999999998,1994
1994,4,RIMW1,RIM,36681.7,1994
1994,5,RIMW1,RIM,46168.964,1994
1994,6,RIMW1,RIM,29143.305,1994
1994,7,RIMW1,RIM,19505.438000000002,1994
1994,8,RIMW1,RIM,9831.776,1994
1994,9,RIMW1,RIM,8397.791,1994
1994,10,RIMW1,RIM,15685.430999999999,1995
1994,11,RIMW1,RIM,16101.990000000002,1995
1994,12,RIMW1,RIM,26752.264,1995
1995,1,RIMW1,RIM,24708.403000000002,1995
1995,2,RIMW1,RIM,57729.195,1995
1995,3,RIMW1,RIM,37311.11,1995
1995,4,RIMW1,RIM,29433.893,1995
1995,5,RIMW1,RIM,78342.285,1995
1995,6,RIMW1,RIM,59726.380000000005,1995
1995,7,RIMW1,RIM,38163.208,1995
1995,8,RIMW1,RIM,15688.695999999998,1995
1995,9,RIMW1,RIM,12124.957999999999,1995
1995,10,RIMW1,RIM,22457.352,1996
1995,11,RIMW1,RIM,91162.14,1996
1995,12,RIMW1,RIM,61314.007,1996
1996,1,RIMW1,RIM,51251.083,1996
1996,2,RIMW1,RIM,104731.36,1996
1996,3,RIMW1,RIM,36155.14,1996
1996,4,RIMW1,RIM,49423.31,1996
1996,5,RIMW1,RIM,51363.186,1996
1996,6,RIMW1,RIM,55932.453,1996
1996,7,RIMW1,RIM,39391.827,1996
1996,8,RIMW1,RIM,20735.289,1996
1996,9,RIMW1,RIM,16054.882,1996
1996,10,RIMW1,RIM,14913.178,1997
1996,11,RIMW1,RIM,18408.306,1997
1996,12,RIMW1,RIM,22621.208,1997
1997,1,RIMW1,RIM,40985.523,1997
1997,2,RIMW1,RIM,26685.064000000002,1997
1997,3,RIMW1,RIM,40896.168000000005,1997
1997,4,RIMW1,RIM,56098.945999999996,1997
1997,5,RIMW1,RIM,114460.846,1997
1997,6,RIMW1,RIM,90607.45,1997
1997,7,RIMW1,RIM,57359.60799999999,1997
1997,8,RIMW1,RIM,30288.63,1997
1997,9,RIMW1,RIM,27182.140000000003,1997
1997,10,RIMW1,RIM,41578.175,1998
1997,11,RIMW1,RIM,29037.252,1998
1997,12,RIMW1,RIM,20529.56,1998
1998,1,RIMW1,RIM,20732.63,1998
1998,2,RIMW1,RIM,18395.784,1998
1998,3,RIMW1,RIM,26248.001,1998
1998,4,RIMW1,RIM,35073.917,1998
1998,5,RIMW1,RIM,78091.25,1998
1998,6,RIMW1,RIM,60152.293999999994,1998
1998,7,RIMW1,RIM,35730.70999999999,1998
1998,8,RIMW1,RIM,18802.608,1998
1998,9,RIMW1,RIM,16819.994000000002,1998
1998,10,RIMW1,RIM,11287.23,1999
1998,11,RIMW1,RIM,19141.243,1999
1998,12,RIMW1,RIM,32903.847,1999
1999,1,RIMW1,RIM,32682.716,1999
1999,2,RIMW1,RIM,16990.368,1999
1999,3,RIMW1,RIM,21138.153,1999
1999,4,RIMW1,RIM,32066.780000000002,1999
1999,5,RIMW1,RIM,63651.264,1999
1999,6,RIMW1,RIM,97452.34000000001,1999
1999,7,RIMW1,RIM,67151.06999999999,1999
1999,8,RIMW1,RIM,34808.685,1999
1999,9,RIMW1,RIM,27312.131999999998,1999
1999,10,RIMW1,RIM,17691.148999999998,2000
1999,11,RIMW1,RIM,47214.34,2000
1999,12,RIMW1,RIM,33392.334,2000
2000,1,RIMW1,RIM,18785.069,2000
2000,2,RIMW1,RIM,16979.725,2000
2000,3,RIMW1,RIM,18344.084,2000
2000,4,RIMW1,RIM,49625.121999999996,2000
2000,5,RIMW1,RIM,57424.66999999999,2000
2000,6,RIMW1,RIM,66739.94,2000
2000,7,RIMW1,RIM,31520.803000000004,2000
2000,8,RIMW1,RIM,18660.324,2000
2000,9,RIMW1,RIM,18291.037,2000
2000,10,RIMW1,RIM,11860.504,2001
2000,11,RIMW1,RIM,9887.3625,2001
2000,12,RIMW1,RIM,9469.905,2001
2001,1,RIMW1,RIM,9532.315,2001
2001,2,RIMW1,RIM,8067.839999999998,2001
2001,3,RIMW1,RIM,11960.767,2001
2001,4,RIMW1,RIM,18505.507,2001
2001,5,RIMW1,RIM,44450.14599999999,2001
2001,6,RIMW1,RIM,26017.132,2001
2001,7,RIMW1,RIM,15595.01,2001
2001,8,RIMW1,RIM,12977.956,2001
2001,9,RIMW1,RIM,10490.721000000001,2001
2001,10,RIMW1,RIM,10802.345000000001,2002
2001,11,RIMW1,RIM,22231.941,2002
2001,12,RIMW1,RIM,16588.64,2002
2002,1,RIMW1,RIM,33631.293999999994,2002
2002,2,RIMW1,RIM,17190.345999999998,2002
2002,3,RIMW1,RIM,19387.585000000003,2002
2002,4,RIMW1,RIM,46863.56,2002
2002,5,RIMW1,RIM,59542.30500000001,2002
2002,6,RIMW1,RIM,79939.316,2002
2002,7,RIMW1,RIM,38155.277,2002
2002,8,RIMW1,RIM,15710.564000000002,2002
2002,9,RIMW1,RIM,17641.21,2002
2002,10,RIMW1,RIM,9163.212,2003
2002,11,RIMW1,RIM,10142.876,2003
2002,12,RIMW1,RIM,12271.395999999999,2003
2003,1,RIMW1,RIM,37216.854,2003
2003,2,RIMW1,RIM,29855.003000000004,2003
2003,3,RIMW1,RIM,35999.405,2003
2003,4,RIMW1,RIM,35560.486,2003
2003,5,RIMW1,RIM,53972.621999999996,2003
2003,6,RIMW1,RIM,55205.875,2003
2003,7,RIMW1,RIM,26189.647999999997,2003
2003,8,RIMW1,RIM,11839.423999999999,2003
2003,9,RIMW1,RIM,13958.2405,2003
2003,10,RIMW1,RIM,14213.69,2004
2003,11,RIMW1,RIM,14555.958999999999,2004
2003,12,RIMW1,RIM,14447.11,2004
2004,1,RIMW1,RIM,15018.585,2004
2004,2,RIMW1,RIM,14130.751999999999,2004
2004,3,RIMW1,RIM,24690.629999999997,2004
2004,4,RIMW1,RIM,39585.590000000004,2004
2004,5,RIMW1,RIM,59480.522,2004
2004,6,RIMW1,RIM,48552.143000000004,2004
2004,7,RIMW1,RIM,25160.229,2004
2004,8,RIMW1,RIM,19438.52,2004
2004,9,RIMW1,RIM,15382.298999999999,2004
2004,10,RIMW1,RIM,14934.506000000001,2005
2004,11,RIMW1,RIM,15327.357,2005
2004,12,RIMW1,RIM,22316.341,2005
2005,1,RIMW1,RIM,33759.186,2005
2005,2,RIMW1,RIM,14465.912,2005
2005,3,RIMW1,RIM,15738.334,2005
2005,4,RIMW1,RIM,24986.201999999997,2005
2005,5,RIMW1,RIM,37665.447,2005
2005,6,RIMW1,RIM,20675.204999999998,2005
2005,7,RIMW1,RIM,15009.261999999999,2005
2005,8,RIMW1,RIM,10277.343,2005
2005,9,RIMW1,RIM,8414.214999999998,2005
2005,10,RIMW1,RIM,9974.784,2006
2005,11,RIMW1,RIM,13237.379999999997,2006
2005,12,RIMW1,RIM,21340.736,2006
2006,1,RIMW1,RIM,37929.512,2006
2006,2,RIMW1,RIM,20353.53,2006
2006,3,RIMW1,RIM,15415.537,2006
2006,4,RIMW1,RIM,34418.354,2006
2006,5,RIMW1,RIM,82645.9,2006
2006,6,RIMW1,RIM,70270,2006
2006,7,RIMW1,RIM,30987.333000000002,2006
2006,8,RIMW1,RIM,14090.855,2006
2006,9,RIMW1,RIM,13629.3125,2006
2006,10,RIMW1,RIM,8658.346,2007
2006,11,RIMW1,RIM,68226.55500000001,2007
2006,12,RIMW1,RIM,27959.37,2007
2007,1,RIMW1,RIM,27633.434,2007
2007,2,RIMW1,RIM,23673.504,2007
2007,3,RIMW1,RIM,58385.353,2007
2007,4,RIMW1,RIM,38398.865,2007
2007,5,RIMW1,RIM,59638.096,2007
2007,6,RIMW1,RIM,46281.55,2007
2007,7,RIMW1,RIM,24716.095,2007
2007,8,RIMW1,RIM,13508.295,2007
2007,9,RIMW1,RIM,13762.502,2007
2007,10,RIMW1,RIM,13278.01,2008
2007,11,RIMW1,RIM,16420.313000000002,2008
2007,12,RIMW1,RIM,31602.806,2008
2008,1,RIMW1,RIM,13569.260999999999,2008
2008,2,RIMW1,RIM,12578.581,2008
2008,3,RIMW1,RIM,15543.231,2008
2008,4,RIMW1,RIM,20153.429,2008
2008,5,RIMW1,RIM,88928.83,2008
2008,6,RIMW1,RIM,69561.81999999999,2008
2008,7,RIMW1,RIM,41925.420000000006,2008
2008,8,RIMW1,RIM,21222.467,2008
2008,9,RIMW1,RIM,7444.283500000001,2008
2008,10,RIMW1,RIM,12853.878999999999,2009
2008,11,RIMW1,RIM,34341.274,2009
2008,12,RIMW1,RIM,16144.151999999998,2009
2009,1,RIMW1,RIM,39760.170000000006,2009
2009,2,RIMW1,RIM,14426.716,2009
2009,3,RIMW1,RIM,15339.466,2009
2009,4,RIMW1,RIM,33006.782999999996,2009
2009,5,RIMW1,RIM,78402.28,2009
2009,6,RIMW1,RIM,74140.97,2009
2009,7,RIMW1,RIM,29460.117,2009
2009,8,RIMW1,RIM,15874.798,2009
2009,9,RIMW1,RIM,19212.309999999998,2009
2009,10,RIMW1,RIM,14398.884,2010
2009,11,RIMW1,RIM,19618.248,2010
2009,12,RIMW1,RIM,16418.076,2010
2010,1,RIMW1,RIM,20529.532999999996,2010
2010,2,RIMW1,RIM,14106.000999999998,2010
2010,3,RIMW1,RIM,16488.707000000002,2010
2010,4,RIMW1,RIM,26996.698,2010
2010,5,RIMW1,RIM,50364.086,2010
2010,6,RIMW1,RIM,74391.59999999999,2010
2010,7,RIMW1,RIM,40034.534,2010
2010,8,RIMW1,RIM,21039.53,2010
2010,9,RIMW1,RIM,20326.294,2010
2010,10,RIMW1,RIM,13641.7,2011
2010,11,RIMW1,RIM,20325.804,2011
2010,12,RIMW1,RIM,23559.042,2011
2011,1,RIMW1,RIM,58654.26,2011
2011,2,RIMW1,RIM,24030.432,2011
2011,3,RIMW1,RIM,24185.371,2011
2011,4,RIMW1,RIM,32969.418,2011
2011,5,RIMW1,RIM,60225.257999999994,2011
2011,6,RIMW1,RIM,86420.44,2011
2011,7,RIMW1,RIM,63288.46,2011
2011,8,RIMW1,RIM,29247.358,2011
2011,9,RIMW1,RIM,21801.264,2011
2011,10,RIMW1,RIM,17800.347999999998,2012
2011,11,RIMW1,RIM,18095.243,2012
2011,12,RIMW1,RIM,19231.277,2012
2012,1,RIMW1,RIM,22438.713,2012
2012,2,RIMW1,RIM,26817.476,2012
2012,3,RIMW1,RIM,25228.646999999997,2012
2012,4,RIMW1,RIM,57250.335999999996,2012
2012,5,RIMW1,RIM,78122.86,2012
2012,6,RIMW1,RIM,77509.1,2012
2012,7,RIMW1,RIM,57762.875,2012
2012,8,RIMW1,RIM,25680.101,2012
2012,9,RIMW1,RIM,17814.028000000002,2012
2012,10,RIMW1,RIM,27356.8,2013
2012,11,RIMW1,RIM,35306.316,2013
2012,12,RIMW1,RIM,26012.922,2013
2013,1,RIMW1,RIM,15674.307,2013
2013,2,RIMW1,RIM,13082.509999999998,2013
2013,3,RIMW1,RIM,22369.963,2013
2013,4,RIMW1,RIM,43106.922,2013
2013,5,RIMW1,RIM,70125.49,2013
2013,6,RIMW1,RIM,51380.4,2013
2013,7,RIMW1,RIM,28268.68,2013
2013,8,RIMW1,RIM,18919.205,2013
2013,9,RIMW1,RIM,26216.3,2013
2013,10,RIMW1,RIM,17480.799,2014
2013,11,RIMW1,RIM,20570.152000000002,2014
2013,12,RIMW1,RIM,23486.899999999998,2014
2014,1,RIMW1,RIM,17966.036,2014
2014,2,RIMW1,RIM,15849.548999999999,2014
2014,3,RIMW1,RIM,50294.422,2014
2014,4,RIMW1,RIM,43033.282999999996,2014
2014,5,RIMW1,RIM,73057.85999999999,2014
2014,6,RIMW1,RIM,59742.916,2014
2014,7,RIMW1,RIM,37432.53,2014
2014,8,RIMW1,RIM,21418.633,2014
2014,9,RIMW1,RIM,14671.253,2014
2014,10,RIMW1,RIM,22524.479,2015
2014,11,RIMW1,RIM,38089.816999999995,2015
2014,12,RIMW1,RIM,47397.689999999995,2015
2015,1,RIMW1,RIM,52048.020000000004,2015
2015,2,RIMW1,RIM,46054.714,2015
2015,3,RIMW1,RIM,35629.55,2015
2015,4,RIMW1,RIM,23945.506999999998,2015
2015,5,RIMW1,RIM,32105.858000000004,2015
2015,6,RIMW1,RIM,23362.285999999996,2015
2015,7,RIMW1,RIM,14669.665,2015
2015,8,RIMW1,RIM,13108.935999999998,2015
2015,9,RIMW1,RIM,13471.519,2015
2015,10,RIMW1,RIM,16080.964999999998,2016
2015,11,RIMW1,RIM,33987.286,2016
2015,12,RIMW1,RIM,58633.204999999994,2016
2016,1,RIMW1,RIM,22713.951,2016
2016,2,RIMW1,RIM,48182.808000000005,2016
2016,3,RIMW1,RIM,47450.665,2016
2016,4,RIMW1,RIM,69652.27,2016
2016,5,RIMW1,RIM,70816.03,2016
2016,6,RIMW1,RIM,45952.564000000006,2016
2016,7,RIMW1,RIM,26432.704999999998,2016
2016,8,RIMW1,RIM,17122.744000000002,2016
2016,9,RIMW1,RIM,17183.016000000003,2016
2016,10,RIMW1,RIM,37387.558,2017
2016,11,RIMW1,RIM,26929.134000000002,2017
2016,12,RIMW1,RIM,15550.6115,2017
2017,1,RIMW1,RIM,14912.413,2017
2017,2,RIMW1,RIM,30567.356,2017
2017,3,RIMW1,RIM,56080.486,2017
2017,4,RIMW1,RIM,51579.037,2017
2017,5,RIMW1,RIM,91598.32,2017
2017,6,RIMW1,RIM,71461.60999999999,2017
2017,7,RIMW1,RIM,33287.28,2017
2017,8,RIMW1,RIM,20216.74,2017
2017,9,RIMW1,RIM,17388.539999999997,2017
2017,10,RIMW1,RIM,27814.781,2018
2017,11,RIMW1,RIM,39511.047,2018
2017,12,RIMW1,RIM,25284.578,2018
2018,1,RIMW1,RIM,30658.752000000004,2018
2018,2,RIMW1,RIM,35758.743,2018
2018,3,RIMW1,RIM,19581.15,2018
2018,4,RIMW1,RIM,35389.645000000004,2018
2018,5,RIMW1,RIM,80962.26999999999,2018
2018,6,RIMW1,RIM,36637.11,2018
2018,7,RIMW1,RIM,24638.989999999998,2018
2018,8,RIMW1,RIM,15519.975,2018
2018,9,RIMW1,RIM,14372.555999999999,2018
2018,10,RIMW1,RIM,13990.085000000001,2019
2018,11,RIMW1,RIM,15389.725999999999,2019
2018,12,RIMW1,RIM,15800.514000000001,2019
2019,1,RIMW1,RIM,15675.675,2019
2019,2,RIMW1,RIM,12461.889,2019
2019,3,RIMW1,RIM,12373.499,2019
2019,4,RIMW1,RIM,34917.027,2019
2019,5,RIMW1,RIM,59726.4,2019
2019,6,RIMW1,RIM,35719.35,2019
2019,7,RIMW1,RIM,19343.355,2019
2019,8,RIMW1,RIM,15195.238,2019
2019,9,RIMW1,RIM,15030.937,2019
2019,10,RIMW1,RIM,15568.433,2020
2019,11,RIMW1,RIM,10287.426,2020
2019,12,RIMW1,RIM,17716.599,2020
2020,1,RIMW1,RIM,24155.859,2020
2020,2,RIMW1,RIM,42930.9,2020
2020,3,RIMW1,RIM,16693.282999999996,2020
2020,4,RIMW1,RIM,33481.274,2020
2020,5,RIMW1,RIM,59968.844999999994,2020
2020,6,RIMW1,RIM,50028.55,2020
2020,7,RIMW1,RIM,26477.362,2020
2020,8,RIMW1,RIM,17265.066000000003,2020
2020,9,RIMW1,RIM,18024.628,2020
2020,10,RIMW1,RIM,22410,2021
2020,11,RIMW1,RIM,17350,2021
2020,12,RIMW1,RIM,20040,2021
2021,1,RIMW1,RIM,33310,2021
2021,2,RIMW1,RIM,16480,2021
2021,3,RIMW1,RIM,15540,2021
2021,4,RIMW1,RIM,31170,2021
2021,5,RIMW1,RIM,60190,2021
2021,6,RIMW1,RIM,62730,2021
2021,7,RIMW1,RIM,25040,2021
2021,8,RIMW1,RIM,15680,2021
2021,9,RIMW1,RIM,15110,2021
2021,10,RIMW1,RIM,17730,2022
2021,11,RIMW1,RIM,54980,2022
2021,12,RIMW1,RIM,20830,2022
2022,1,RIMW1,RIM,38930,2022
2022,2,RIMW1,RIM,20920,2022
2022,3,RIMW1,RIM,42540,2022
2022,4,RIMW1,RIM,28980,2022
2022,5,RIMW1,RIM,55850,2022
2022,6,RIMW1,RIM,78400,2022
2022,7,RIMW1,RIM,40470,2022
2022,8,RIMW1,RIM,19880,2022
2022,9,RIMW1,RIM,16170.000000000002,2022
2022,10,RIMW1,RIM,11790,2023
2022,11,RIMW1,RIM,20270,2023
2022,12,RIMW1,RIM,25680,2023
2023,1,RIMW1,RIM,19870,2023
2023,2,RIMW1,RIM,12770,2023
2023,3,RIMW1,RIM,12450,2023
2023,4,RIMW1,RIM,28500,2023
2023,5,RIMW1,RIM,91660,2023
2023,6,RIMW1,RIM,41340,2023
2023,7,RIMW1,RIM,19040,2023
2023,8,RIMW1,RIM,14690,2023
2023,9,RIMW1,RIM,13910,2023
2023,10,RIMW1,RIM,8490,2024
2023,11,RIMW1,RIM,19920,2024
2023,12,RIMW1,RIM,35750,2024
2024,1,RIMW1,RIM,23980,2024
2024,2,RIMW1,RIM,23980,2024
2024,3,RIMW1,RIM,22530,2024
2024,4,RIMW1,RIM,33630,2024
2024,5,RIMW1,RIM,43160,2024
2024,6,RIMW1,RIM,42450,2024
2024,7,RIMW1,RIM,21280,2024
2024,8,RIMW1,RIM,14530,2024
2024,9,RIMW1,RIM,15510,2024
2024,10,RIMW1,RIM,9580,2025
2024,11,RIMW1,RIM,12160,2025
2024,12,RIMW1,RIM,12050,2025
2025,1,RIMW1,RIM,19820,2025
2025,2,RIMW1,RIM,14390,2025
2025,3,RIMW1,RIM,35780,2025
2025,4,RIMW1,RIM,42900,2025
2025,5,RIMW1,RIM,49740,2025
2025,6,RIMW1,RIM,36380,2025
2025,7,RIMW1,RIM,17700,2025
2025,8,RIMW1,RIM,13810,2025
2025,9,RIMW1,RIM,3110,2025
2025,10,RIMW1,RIM,11190,2026
2025,11,RIMW1,RIM,32030,2026
2025,12,RIMW1,RIM,96120,2026
2026,1,RIMW1,RIM,56850,2026
2026,2,RIMW1,RIM,24390,2026
2026,3,RIMW1,RIM,60670,2026
2026,4,RIMW1,RIM,33850,2026
2026,5,RIMW1,RIM,39370,2026
